Cell 3,Cell 37,Cell 41
25.436378,38.82941,189.49033
25.436378,38.82941,180.20937
25.436378,38.82941,171.41614
25.436378,38.82941,163.085
25.436378,38.82941,155.19168
25.436378,38.82941,147.71315
25.436378,38.82941,140.62762
25.436378,38.82941,133.91446
25.436378,38.82941,127.55408
52.46176,38.82941,121.52794
50.09037,38.82941,115.81848
74.85983,38.82941,110.40906
70.52308,38.82941,105.283905
66.566864,38.82941,100.428085
62.957794,38.82941,95.82744
59.66541,38.82941,91.46857
56.66192,38.82941,87.33876
53.92198,38.82941,83.42598
51.42246,38.82941,79.71882
49.142265,38.82941,76.206474
47.06215,38.82941,72.87871
45.164555,38.82941,69.72582
43.43347,38.82941,66.73862
41.854282,38.82941,63.908398
40.413666,38.82941,61.22691
39.099457,38.82941,58.686337
37.900562,38.82941,64.28518
36.80687,38.82941,61.583885
35.809147,38.82941,59.02455
34.898968,38.82941,56.599712
34.068657,38.82941,54.302303
33.311203,38.82941,52.125626
32.620213,38.82941,50.063335
31.989853,38.82941,55.275562
31.414806,38.82941,53.047733
30.890219,38.82941,50.936985
30.411661,38.82941,118.83358
29.975096,38.82941,113.26571
29.57684,38.82941,107.99044
29.213526,38.82941,102.99239
28.882093,38.82941,98.256996
28.579742,38.82941,93.770454
28.303923,38.82941,89.519684
28.052305,38.82941,85.492294
27.822765,38.82941,81.67654
27.613369,38.82941,78.06131
27.422344,38.82941,74.63607
27.248083,38.82941,71.39083
27.089111,38.82941,68.31613
26.94409,38.82941,65.40301
26.811792,38.82941,62.64298
26.691105,38.82941,60.02799
77.82836,38.82941,57.55042
73.23113,38.82941,55.20305
69.03729,38.82941,52.97904
65.21146,38.82941,50.8719
61.72132,38.82941,48.875492
58.537434,38.82941,46.98399
55.63292,38.82941,45.1919
52.98327,38.82941,43.493977
50.566116,38.82941,41.88529
48.361065,38.82941,57.409485
46.349495,38.82941,55.06952
44.514435,38.82941,64.73148
42.8404,38.82941,62.00674
41.31325,38.82941,59.425186
39.920105,38.82941,56.979294
38.649208,38.82941,54.661938
37.489822,38.82941,52.46636
36.43217,38.82941,50.38616
35.467323,38.82941,48.41528
34.587143,38.82941,46.54797
33.78419,38.82941,44.778786
33.051697,38.82941,43.102577
32.383476,38.82941,41.514458
31.773891,38.82941,40.009796
31.217796,38.82941,38.5842
30.710495,38.82941,37.233524
30.247707,38.82941,35.953827
29.82553,38.82941,34.741383
29.440395,38.82941,33.59265
29.089056,38.82941,32.504288
28.768545,38.82941,31.47312
28.476158,38.82941,30.496138
28.209427,38.82941,29.5705
27.9661,38.82941,28.693504
73.27944,38.82941,27.862597
69.08137,38.82941,27.07535
65.25166,38.82941,26.32948
61.757996,38.82941,25.622803
58.57089,38.82941,24.953262
55.66344,38.82941,24.318909
53.011112,38.82941,23.717888
50.59152,38.82941,23.148453
48.384235,38.82941,22.608944
46.370636,38.82941,22.097786
44.533722,38.82941,61.97276
42.85799,38.82941,59.39299
41.3293,38.82941,56.94879
39.934746,38.82941,54.633038
38.66256,38.82941,52.43898
37.502007,38.82941,50.36022
36.443287,38.82941,48.390705
35.477463,38.82941,46.524685
34.59639,38.82941,44.75673
33.79263,38.82941,43.081684
33.059395,38.82941,90.10008
32.3905,38.82941,86.04219
31.780298,38.82941,82.22971
31.22364,38.82941,78.58542
30.715826,38.82941,75.13264
30.252571,38.82941,71.861305
29.829967,38.82941,68.76189
29.444443,38.82941,106.61115
29.092749,38.82941,101.685585
28.771914,38.82941,97.01886
28.47923,38.82941,92.597374
28.21223,38.82941,88.40825
27.968658,38.82941,84.43926
27.746458,38.82941,80.678856
27.543756,38.82941,77.11606
27.35884,38.82941,73.74049
27.190151,38.82941,70.54232
27.036263,38.82941,67.51221
26.895878,38.82941,64.641335
26.767813,38.82941,61.92133
26.650982,38.82941,59.34426
26.544405,38.82941,56.902622
26.44718,38.82941,54.589294
26.358484,38.82941,52.397533
26.277573,38.82941,78.58917
26.20376,38.82941,75.1362
26.136425,38.82941,71.86467
26.89706,38.82941,68.765076
26.76889,38.82941,65.828354
26.651966,38.82941,63.045967
26.545301,38.82941,60.409798
26.447998,38.82941,57.912163
26.359232,38.82941,55.54578
26.278254,38.82941,53.303757
26.204382,38.82941,51.179554
26.136992,38.82941,49.16698
26.075516,38.82941,47.260166
26.019434,38.82941,45.45356
25.968273,38.82941,43.741894
25.9216,38.82941,42.120174
25.879025,38.82941,40.58368
25.840183,38.82941,39.12793
25.80475,38.82941,37.748684
25.772427,38.82941,36.441914
25.742939,38.82941,35.203815
25.71604,38.82941,34.030785
39.549694,38.82941,32.91939
38.311295,38.82941,31.866411
37.181564,38.82941,30.868763
36.15096,38.82941,29.923542
35.21079,38.82941,29.027992
34.353115,38.82941,28.179508
33.5707,38.82941,27.37561
32.85694,38.82941,26.613956
32.20581,38.82941,25.892332
31.611813,38.82941,25.208628
31.069939,38.82941,24.560852
30.575611,38.82941,23.947117
30.12466,38.82941,23.365637
29.71328,38.82941,73.00771
29.337994,38.82941,70.920494
28.99564,38.82941,67.87051
28.683327,38.82941,64.980804
28.398417,38.82941,62.242958
28.138508,38.82941,59.64899
27.901405,38.82941,57.191338
27.685106,38.82941,54.86284
27.487787,38.82941,52.656704
27.307783,38.82941,50.5665
27.143574,38.82941,48.586143
26.993773,38.82941,46.70985
26.857117,38.82941,44.932163
26.73245,38.82941,43.2479
26.618725,38.82941,41.65214
26.514978,38.82941,40.14024
26.420334,38.82941,38.70779
26.333996,38.82941,37.35062
26.255232,38.82941,36.064774
26.18338,38.82941,34.846497
26.117834,38.82941,33.69224
26.058039,38.82941,32.931076
26.003489,38.82941,76.51129
25.953728,38.82941,73.16751
25.90833,38.82941,102.16859
66.459015,38.82941,132.76149
62.85941,38.82941,126.461685
59.575657,38.82941,120.49295
56.580044,38.82941,114.83788
53.847286,38.82941,109.479996
51.35432,38.82941,104.40367
49.080105,38.82941,99.59411
47.005444,38.82941,95.03729
45.112827,38.82941,90.71995
43.386284,38.82941,86.62948
41.811234,38.82941,82.753975
40.374393,38.82941,79.08213
111.16086,38.82941,75.60324
103.63881,38.82941,72.30718
96.776794,38.82941,69.184326
90.5169,38.82941,66.22558
84.80629,38.82941,63.422318
79.59677,38.82941,60.766373
74.844376,38.82941,58.25
70.50898,38.82941,55.865864
89.18096,38.82941,53.607018
83.58758,38.82941,51.466877
78.485,38.82941,49.4392
73.830154,38.82941,47.51808
69.583755,38.82941,45.69792
65.70996,38.82941,43.973415
62.176083,38.82941,42.33953
58.95229,38.82941,40.791508
56.011375,38.82941,93.2387
53.328518,38.82941,89.01587
50.881073,38.82941,85.01495
48.64838,38.82941,81.22429
46.611603,38.82941,77.63283
44.75354,38.82941,74.23011
43.058525,38.82941,71.0062
41.512238,38.82941,67.95171
40.10163,38.82941,65.05774
38.8148,38.82941,62.315853
37.64089,38.82941,59.718052
36.56998,38.82941,57.25677
35.59304,38.82941,54.92483
34.701828,38.82941,52.71544
33.888817,38.82941,50.62215
44.683643,38.82941,48.638866
42.99476,38.82941,46.759804
41.454063,38.82941,44.979492
40.048565,38.82941,43.29274
38.76639,38.82941,75.69711
37.596725,38.82941,72.39612
36.529694,38.82941,69.26859
35.55629,38.82941,66.30542
34.6683,38.82941,63.497955
33.85823,38.82941,60.838036
33.11924,38.82941,58.317898
32.44509,38.82941,55.930195
31.830101,38.82941,53.66797
31.269072,38.82941,51.524624
30.75727,38.82941,49.493916
30.29038,38.82941,47.56992
29.864456,38.82941,45.747036
29.475906,38.82941,63.60335
29.121452,38.82941,60.937893
28.798098,38.82941,58.412506
28.503119,38.82941,56.019833
28.234022,38.82941,53.752895
27.988537,38.82941,51.605087
27.764593,38.82941,49.57015
27.5603,38.82941,47.642147
27.373932,38.82941,45.815468
27.203918,38.82941,44.08478
27.048822,38.82941,42.445045
26.907335,38.82941,40.89148
26.778263,38.82941,39.41955
26.660519,38.82941,38.024982
26.553104,38.82941,36.703693
26.455114,38.82941,35.45184
26.365725,38.82941,34.265774
26.284176,38.82941,33.142036
26.209785,38.82941,32.077354
26.141922,38.82941,31.068619
26.080011,38.82941,30.112898
26.023535,38.82941,29.2074
25.972013,38.82941,28.349485
25.925014,38.82941,27.536654
25.882137,38.82941,26.766539
25.843023,38.82941,26.036894
25.807343,38.82941,25.345594
25.774792,38.82941,24.690624
25.745096,38.82941,24.070068
25.718008,38.82941,23.482126
25.693295,38.82941,22.92508
25.670752,38.82941,22.397308
25.650187,38.82941,21.897274
25.631426,38.82941,21.423512
25.614311,38.82941,20.97465
25.598698,38.82941,20.549374
25.584455,38.82941,20.146448
25.57146,38.82941,19.764698
25.559608,38.82941,19.403006
25.548796,38.82941,19.060326
25.53893,38.82941,18.735651
25.529932,38.82941,19.722391
25.521723,38.82941,19.362923
25.514235,38.82941,19.022348
25.507402,38.82941,18.699669
25.501171,38.82941,18.393948
25.495485,38.82941,18.104292
25.4903,38.82941,17.829857
25.485567,38.82941,41.863766
25.48125,38.82941,40.340748
25.477314,38.82941,38.89776
25.473722,38.82941,37.53061
25.470446,38.82941,36.235302
25.467457,38.82941,35.008064
25.46473,38.82941,57.759296
25.462242,38.82941,55.400948
25.459972,38.82941,53.166534
25.457901,38.82941,51.04954
25.456013,38.82941,49.0438
25.45429,38.82941,47.14346
25.452719,38.82941,45.342987
25.451284,38.82941,43.63713
25.449976,38.82941,42.02092
25.448784,38.82941,40.48964
25.447695,38.82941,39.038834
25.446703,38.82941,37.664265
25.445797,38.82941,36.361935
25.44497,38.82941,35.128044
25.444216,38.82941,33.958992
25.44353,38.82941,32.851376
25.442902,38.82941,31.801966
25.44233,38.82941,30.807703
25.441807,38.82941,29.86569
25.44133,38.82941,28.973183
25.440895,38.82941,28.127577
25.4405,38.82941,27.326408
25.440138,38.82941,26.567343
25.439808,38.82941,25.848167
25.439507,38.82941,25.166782
25.439232,38.82941,24.521208
25.438982,38.82941,23.909557
25.438753,38.82941,23.33005
25.438545,38.82941,22.780996
25.438354,38.82941,22.260796
25.43818,38.82941,21.767933
25.438023,38.82941,21.30097
25.43788,38.82941,20.858547
25.437748,38.82941,20.439375
25.437628,38.82941,20.042229
25.437517,38.82941,19.665955
25.437418,38.82941,19.309454
25.437326,38.82941,18.971687
25.437243,38.82941,18.65167
25.437168,38.82941,18.348473
25.437098,38.82941,18.061207
25.437035,38.82941,17.789036
25.436977,38.82941,17.53117
25.436924,38.82941,17.286854
25.436876,38.82941,17.055378
25.436832,38.82941,16.836065
25.436792,38.82941,16.628279
25.436756,38.82941,16.43141
25.436724,38.82941,69.71042
25.436693,38.82941,66.72403
25.436666,38.82941,63.894573
25.43664,38.82941,61.21381
25.436617,38.82941,58.673923
25.436596,38.82941,101.11228
25.436577,38.82941,100.94129
25.43656,38.82941,128.41498
25.436544,38.82941,122.3436
25.43653,38.82941,116.59128
25.436516,38.82941,111.14124
25.436504,38.82941,105.977615
25.436493,38.82941,101.08534
25.436483,38.82941,96.450165
25.436474,38.82941,92.05856
25.436466,38.82941,87.89775
25.436459,38.82941,83.9556
25.436451,38.82941,80.220604
25.436445,38.82941,76.68189
25.43644,38.82941,73.32914
25.436434,38.82941,70.15258
25.436428,38.82941,67.14295
25.436424,38.82941,64.29149
25.43642,38.82941,61.589863
25.436417,38.82941,59.030216
25.436413,38.82941,56.60508
25.43641,38.82941,54.30739
25.436407,38.82941,52.130444
25.436405,38.82941,50.067898
25.436403,38.82941,48.113743
25.436401,38.82941,46.262276
25.4364,38.82941,44.50811
50.051365,38.82941,42.846127
47.89148,38.82941,41.27148
45.921116,38.82941,39.779587
44.123646,38.82941,38.366093
42.4839,38.82941,37.02688
40.988033,38.82941,78.973854
39.623425,38.82941,75.50066
38.378555,38.82941,72.209984
37.242924,38.82941,69.09224
36.206936,38.82941,66.13833
35.261856,38.82941,63.339653
34.3997,38.82941,60.688053
33.613197,38.82941,60.50077
32.895706,38.82941,57.998356
32.241177,38.82941,55.627445
31.644075,38.82941,53.38113
31.099371,38.82941,51.25286
30.60246,38.82941,49.236435
30.149155,38.82941,47.32597
29.735622,38.82941,45.515903
29.358377,38.82941,43.80096
29.014235,38.82941,42.176136
28.700289,38.82941,40.6367
28.41389,38.82941,39.178165
28.152624,38.82941,37.796276
27.914284,38.82941,36.487007
27.696854,38.82941,36.398483
27.498505,38.82941,47.16318
27.31756,38.82941,45.36167
27.152493,38.82941,43.654835
27.00191,38.82941,80.17638
26.864538,38.82941,91.71198
26.739222,38.82941,87.56938
26.6249,38.82941,83.644485
26.520613,38.82941,79.92584
26.425474,38.82941,76.40262
26.338684,38.82941,73.064545
26.25951,38.82941,69.90189
26.187283,38.82941,66.90544
26.121393,38.82941,64.06645
26.061285,38.82941,61.376656
26.006453,38.82941,58.828213
25.95643,38.82941,56.413692
25.910797,38.82941,54.126057
25.86917,38.82941,72.84359
25.831192,38.82941,69.69254
25.796549,38.82941,66.70709
25.764944,38.82941,63.87853
25.736115,38.82941,61.19861
25.709814,38.82941,58.659523
25.68582,38.82941,56.25387
25.663933,38.82941,53.974632
25.643965,38.82941,51.815174
25.62575,38.82941,49.769196
25.609133,38.82941,47.830734
25.593975,38.82941,45.994144
25.580147,38.82941,44.25407
25.567532,38.82941,42.605434
25.556023,38.82941,41.043438
25.545525,38.82941,39.563526
25.535948,38.82941,38.16139
25.52721,38.82941,36.83293
25.51924,38.82941,35.574287
25.511969,38.82941,34.381786
25.505337,38.82941,33.251953
25.499285,38.82941,32.18149
25.493765,38.82941,31.167286
25.48873,38.82941,30.206379
25.484137,38.82941,29.295967
25.479946,38.82941,28.433397
25.476124,38.82941,27.616158
25.472635,38.82941,26.841866
25.469454,38.82941,26.108261
25.466553,38.82941,25.413212
25.463903,38.82941,24.754684
25.461489,38.82941,24.130766
25.459286,38.82941,23.539633
25.457275,38.82941,22.979567
25.455442,38.82941,22.44893
25.45377,38.82941,21.94618
25.452244,38.82941,21.46985
25.450851,38.82941,21.018553
25.449581,38.82941,20.590971
25.448423,38.82941,20.18586
25.447367,38.82941,19.802038
25.446402,38.82941,19.438385
25.445522,38.82941,19.093843
25.44472,38.82941,18.767408
25.443989,38.82941,18.458126
25.44332,38.82941,18.165098
25.44271,38.82941,17.887468
25.442156,38.82941,17.62443
25.441648,38.82941,17.375212
25.441187,38.82941,17.139091
25.440763,38.82941,16.91538
25.44038,38.82941,16.703424
25.44003,38.82941,16.502607
25.439709,38.82941,16.312346
25.439415,38.82941,16.13208
25.43915,38.82941,15.9612875
25.438906,38.82941,15.799471
25.438684,38.82941,27.208805
25.438482,38.82941,26.45592
25.438297,38.82941,25.7426
25.43813,38.82941,25.066763
25.437975,38.82941,33.95072
25.437836,38.82941,32.84354
25.437708,38.82941,31.79454
25.437592,38.82941,30.80067
25.437485,38.82941,29.859028
25.437387,38.82941,28.96687
25.4373,38.82941,28.121593
25.437218,38.82941,27.32074
25.437145,38.82941,26.561974
25.437077,38.82941,27.806414
25.437016,38.82941,27.022121
25.43696,38.82941,26.279047
25.436909,38.82941,25.57502
27.858665,38.82941,24.907993
27.646116,38.82941,24.276016
27.452219,38.82941,23.67725
27.275335,38.82941,23.109951
27.113974,38.82941,22.572464
26.96677,38.82941,22.063223
26.832483,38.82941,21.580744
26.709978,38.82941,21.123617
26.598225,38.82941,20.690516
26.496277,38.82941,20.280172
26.403275,38.82941,19.891394
26.318432,38.82941,31.123554
26.241034,38.82941,30.164944
26.17043,38.82941,29.25671
26.106018,38.82941,28.396204
26.047258,38.82941,63.334286
25.993656,38.82941,60.68297
25.944757,38.82941,58.17098
25.900148,38.82941,55.790997
25.859453,38.82941,76.902794
25.82233,38.82941,73.53844
25.788464,38.82941,70.350876
25.75757,38.82941,67.330826
25.729387,38.82941,64.46948
25.703676,38.82941,61.758507
25.680222,38.82941,59.189995
25.658825,38.82941,81.57831
25.639305,38.82941,77.96825
25.6215,38.82941,74.5479
25.605255,38.82941,71.30729
25.590437,38.82941,68.236984
25.57692,38.82941,65.32802
25.564587,38.82941,62.571926
25.553337,38.82941,59.96067
25.543076,38.82941,57.486637
25.533712,38.82941,63.453762
25.525171,38.82941,60.796165
25.51738,38.82941,58.27823
25.510273,38.82941,55.892612
25.503788,38.82941,53.632362
25.497873,38.82941,51.49089
25.492477,38.82941,49.461956
25.487555,38.82941,47.53964
25.483065,38.82941,45.718346
25.478968,38.82941,43.992764
25.475231,38.82941,42.357864
25.47182,38.82941,40.808876
25.468712,38.82941,39.341293
25.465874,38.82941,37.950832
25.463285,38.82941,36.633442
25.460926,38.82941,35.38528
25.45877,38.82941,36.962265
25.456806,38.82941,35.696823
25.455013,38.82941,34.497883
25.453379,38.82941,33.36195
25.451887,38.82941,32.28571
25.450525,38.82941,31.266026
25.449286,38.82941,30.29993
25.448153,38.82941,29.384602
25.447119,38.82941,28.517376
25.446177,38.82941,27.695724
25.445316,38.82941,26.91725
25.444532,38.82941,26.179686
25.443817,38.82941,25.48088
25.443165,38.82941,24.818798
25.44257,38.82941,24.19151
25.442026,38.82941,23.597185
25.44153,38.82941,23.034094
25.441078,38.82941,22.500593
25.440666,38.82941,21.995127
25.44029,38.82941,21.516226
25.439947,38.82941,21.06249
25.439632,38.82941,20.6326
25.439348,38.82941,20.225302
25.439087,38.82941,19.839407
25.43885,38.82941,19.47379
25.438633,38.82941,19.127386
25.438435,38.82941,18.799189
25.438255,38.82941,18.488237
25.43809,38.82941,18.193626
25.43794,38.82941,17.914497
25.437803,38.82941,17.650038
25.437677,38.82941,17.399475
25.437563,38.82941,17.16208
25.43746,38.82941,16.93716
25.437365,38.82941,16.72406
25.437279,38.82941,16.52216
25.437199,38.82941,16.330868
25.437128,38.82941,16.14963
25.437061,38.82941,15.977915
25.437002,38.82941,15.815224
25.436947,38.82941,15.661083
25.436897,38.82941,15.515042
25.436852,38.82941,15.376677
25.43681,38.82941,15.245582
25.436771,38.82941,15.121376
25.436737,38.82941,15.003697
25.436707,38.82941,14.892203
25.436678,38.82941,14.786568
25.436651,38.82941,14.686484
25.436626,38.82941,14.59166
25.436605,38.82941,14.501819
25.436586,38.82941,14.416698
25.436567,38.82941,14.336052
25.43655,38.82941,14.259643
25.436535,38.82941,14.187249
25.436522,38.82941,14.11866
25.43651,38.82941,14.053676
25.436499,38.82941,13.9921055
25.436487,38.82941,13.933771
25.436478,38.82941,13.878503
25.436468,38.82941,13.8261385
25.43646,38.82941,13.776526
25.436455,38.82941,13.729522
25.436447,38.82941,13.684986
25.436441,38.82941,13.642792
25.436436,38.82941,13.602815
25.43643,38.82941,13.564938
25.436426,38.82941,13.529052
25.436422,38.82941,13.495051
25.436419,38.82941,13.462838
25.436415,38.82941,13.432318
25.43641,38.82941,13.403401
25.436409,38.82941,13.376004
25.436405,38.82941,13.350047
25.436403,38.82941,13.325454
25.436401,38.82941,13.302153
25.4364,38.82941,13.280076
25.436398,38.82941,13.25916
25.436396,38.82941,13.239344
25.436394,38.82941,13.220568
25.436394,38.82941,13.202779
25.436392,38.82941,40.44824
25.43639,38.82941,38.999607
25.43639,38.82941,37.6271
25.436388,38.82941,46.373142
25.436388,38.82941,44.61315
25.436386,38.82941,42.94565
25.436386,38.82941,41.365772
25.436386,38.82941,100.04739
25.436384,38.82941,95.46675
25.436384,38.82941,91.12684
25.436384,38.82941,87.01499
25.436384,38.82941,83.119225
25.436382,38.82941,79.428185
25.436382,38.82941,75.931114
25.436382,38.82941,72.61782
25.436382,38.82941,69.47864
25.436382,38.82941,66.504425
25.43638,38.82941,69.65527
25.43638,38.82941,66.67178
25.43638,38.82941,63.84507
25.43638,38.82941,61.16691
25.43638,38.82941,58.629486
25.43638,38.82941,56.22541
25.43638,38.82941,53.94767
25.43638,38.82941,51.789627
25.43638,38.82941,49.74499
25.43638,38.82941,47.8078
25.43638,38.82941,45.972416
25.43638,38.82941,44.233482
25.436378,38.82941,42.585934
25.436378,38.82941,41.024963
25.436378,38.82941,39.54602
25.436378,38.82941,38.144802
25.436378,38.82941,36.817215
25.436378,38.82941,35.5594
25.436378,38.82941,34.36768
25.436378,38.82941,33.238586
25.436378,38.82941,32.168827
25.436378,38.82941,31.155289
25.436378,38.82941,30.195011
25.436378,38.82941,29.285194
25.436378,38.82941,28.423193
25.436378,38.82941,27.60649
25.436378,38.82941,26.832705
25.436378,38.82941,47.92032
25.436378,38.82941,46.07902
25.436378,38.82941,44.334484
25.436378,38.82941,42.681625
25.436378,38.82941,41.115627
25.436378,38.82941,39.63192
25.436378,38.82941,38.226185
25.436378,38.82941,36.894325
25.436378,38.82941,35.632454
25.436378,38.82941,34.436893
25.436378,38.82941,33.304165
25.436378,38.82941,34.735783
25.436378,38.82941,33.587345
25.436378,38.82941,32.49926
25.436378,38.82941,31.468353
25.436378,38.82941,30.491623
25.436378,38.82941,29.566223
25.436378,38.82941,28.689451
25.436378,38.82941,27.858757
25.436378,38.82941,27.071714
25.436378,38.82941,26.326033
25.436378,38.82941,25.619537
25.436378,38.82941,24.950169
25.436378,38.82941,24.315977
25.436378,38.82941,23.71511
25.436378,38.82941,23.145823
25.436378,38.82941,22.606451
25.436378,38.82941,22.095423
25.436378,38.82941,21.611252
25.436378,38.82941,21.152523
25.436378,38.82941,20.717901
25.436378,38.82941,20.30612
25.436378,38.82941,19.915977
25.436378,38.82941,19.546337
25.436378,38.82941,19.196123
25.436378,38.82941,18.864311
25.436378,38.82941,18.549936
25.436378,38.82941,18.252085
25.436378,38.82941,17.969883
25.436378,38.82941,17.702513
25.436378,38.82941,17.449192
25.436378,38.82941,17.209185
25.436378,38.82941,16.98179
25.436378,38.82941,16.766344
25.436378,38.82941,16.562222
25.436378,38.82941,16.368824
25.436378,38.82941,16.18559
25.436378,38.82941,16.011988
25.436378,38.82941,15.847506
25.436378,38.82941,15.6916685
25.436378,38.82941,15.544021
25.436378,38.82941,15.404131
25.436378,38.82941,86.913826
25.436378,38.82941,83.02338
25.436378,38.82941,79.33737
25.436378,38.82941,75.84508
25.436378,38.82941,72.5363
25.436378,38.82941,69.401405
25.436378,38.82941,66.43125
25.436378,38.82941,63.617184
25.436378,38.82941,60.950996
25.436378,38.82941,58.424923
25.436378,38.82941,56.031597
25.436378,38.82941,53.76404
25.436378,38.82941,51.61565
25.436378,38.82941,49.58016
25.436378,38.82941,47.65163
25.436378,38.82941,45.82445
25.436378,38.82941,44.093292
25.436378,38.82941,42.45311
25.436378,38.82941,40.899117
25.436378,38.82941,39.426792
25.436378,38.82941,38.031837
25.436378,38.82941,36.71019
25.436378,38.82941,35.457996
25.436378,38.82941,34.271606
25.436378,38.82941,45.941463
25.436378,38.82941,44.204155
25.436378,38.82941,42.558147
25.436378,38.82941,43.05132
25.436378,38.82941,41.46589
25.436378,38.82941,39.96378
25.436378,38.82941,38.540604
25.436378,38.82941,37.19222
25.436378,38.82941,35.914696
25.436378,38.82941,45.77265
25.436378,38.82941,44.044216
25.436378,38.82941,42.406612
25.436378,38.82941,40.855064
25.436378,38.82941,39.38505
25.436378,38.82941,37.99229
25.436378,38.82941,36.672718
25.436378,38.82941,35.422493
25.436378,38.82941,34.23797
25.436378,38.82941,33.115692
25.436378,38.82941,32.052395
25.436378,38.82941,31.044971
25.436378,38.82941,30.090492
25.436378,38.82941,29.186169
25.436378,38.82941,28.329372
25.436378,38.82941,27.517597
25.436378,38.82941,26.748486
25.436378,38.82941,26.019789
25.436378,38.82941,25.329388
25.436378,38.82941,35.77437
25.436378,38.82941,34.571354
25.436378,38.82941,33.431557
25.436378,38.82941,32.351658
25.436378,38.82941,31.32851
25.436378,38.82941,30.359127
25.436378,38.82941,29.44069
25.436378,38.82941,28.570515
25.436378,38.82941,27.74607
25.436378,38.82941,26.96495
25.436378,38.82941,26.224878
25.436378,38.82941,25.523699
25.436378,38.82941,24.859367
25.436378,38.82941,24.229946
25.436378,38.82941,23.6336
25.436378,38.82941,23.068596
25.436378,38.82941,22.533281
25.436378,38.82941,22.0261
25.436378,38.82941,21.545572
25.436378,38.82941,21.090294
25.436378,38.82941,20.658941
25.436378,38.82941,20.250257
25.436378,38.82941,19.86305
25.436378,38.82941,19.496193
25.436378,38.82941,19.148613
25.436378,38.82941,18.8193
25.436378,38.82941,18.50729
25.436378,38.82941,18.21168
25.436378,38.82941,17.9316
25.436378,38.82941,17.666243
25.436378,38.82941,17.414827
25.436378,38.82941,17.176626
25.436378,38.82941,16.950941
25.436378,38.82941,16.737118
25.436378,38.82941,16.53453
25.436378,38.82941,16.342588
25.436378,38.82941,16.160734
25.436378,38.82941,15.988437
25.436378,38.82941,15.825193
25.436378,38.82941,15.670528
25.436378,38.82941,34.704426
25.436378,38.82941,33.557636
25.436378,38.82941,32.47111
25.436378,38.82941,31.441685
25.436378,38.82941,30.466358
25.436378,38.82941,29.542282
25.436378,38.82941,28.66677
25.436378,38.82941,27.837265
25.436378,38.82941,27.051353
25.436378,38.82941,26.306742
25.436378,38.82941,25.601261
25.436378,38.82941,24.932854
25.436378,38.82941,24.29957
25.436378,38.82941,23.699566
25.436378,38.82941,23.131094
25.436378,38.82941,22.592497
25.436378,38.82941,22.082201
25.436378,38.82941,21.598724
25.436378,38.82941,21.140654
25.436378,38.82941,20.706656
25.436378,38.82941,20.295465
25.436378,38.82941,19.905882
25.436378,38.82941,19.536774
25.436378,38.82941,19.187061
25.436378,38.82941,18.855726
25.436378,38.82941,18.541803
25.436378,38.82941,18.244377
25.436378,38.82941,17.962582
25.436378,38.82941,17.695595
25.436378,38.82941,17.442638
25.436378,38.82941,17.202974
25.436378,38.82941,16.975906
25.436378,38.82941,16.76077
25.436378,38.82941,16.55694
25.436378,38.82941,16.363821
25.436378,38.82941,16.180851
25.436378,38.82941,16.007496
25.436378,38.82941,15.84325
25.436378,38.82941,15.687636
25.436378,38.82941,15.5402
25.436378,38.82941,15.400513
25.436378,38.82941,15.268165
25.436378,38.82941,15.142773
25.436378,38.82941,15.02397
25.436378,38.82941,14.911409
25.436378,38.82941,14.804766
25.436378,38.82941,14.703725
25.436378,38.82941,14.607994
25.436378,38.82941,14.517295
25.436378,38.82941,14.431361
25.436378,38.82941,14.349944
25.436378,38.82941,14.272805
25.436378,38.82941,14.19972
25.436378,38.82941,14.130475
25.436378,38.82941,14.06487
25.436378,38.82941,14.002712
25.436378,38.82941,13.94382
25.436378,38.82941,13.888023
25.436378,38.82941,13.835159
25.436378,38.82941,13.785073
25.436378,38.82941,13.737618
25.436378,38.82941,13.692658
25.436378,38.82941,13.650061
25.436378,38.82941,13.609701
25.436378,38.82941,13.571463
25.436378,38.82941,13.5352335
25.436378,38.82941,13.500909
25.436378,38.82941,13.468388
25.436378,38.82941,13.437575
25.436378,38.82941,13.408382
25.436378,38.82941,13.380724
25.436378,38.82941,13.354518
25.436378,38.82941,13.32969
25.436378,38.82941,13.306167
25.436378,38.82941,13.283879
25.436378,38.82941,13.262763
25.436378,38.82941,13.242757
25.436378,38.82941,13.223802
25.436378,38.82941,13.205843
25.436378,38.82941,13.1888275
25.436378,38.82941,13.172707
25.436378,38.82941,13.1574335
25.436378,38.82941,13.1429615
25.436378,38.82941,13.1292515
25.436378,38.82941,13.1162615
25.436378,38.82941,13.103953
25.436378,38.82941,13.092293
25.436378,38.82941,13.081244
25.436378,38.82941,13.070778
25.436378,38.82941,13.060861
25.436378,38.82941,13.051464
25.436378,38.82941,13.042562
25.436378,38.82941,13.034127
25.436378,38.82941,13.026135
25.436378,38.82941,13.018564
25.436378,38.82941,13.011391
25.436378,38.82941,13.004595
25.436378,38.82941,12.998156
25.436378,38.82941,12.992054
25.436378,38.82941,12.986274
25.436378,38.82941,12.980798
25.436378,38.82941,12.975609
25.436378,38.82941,12.970693
25.436378,38.82941,12.966035
25.436378,38.82941,12.961622
25.436378,38.82941,12.95744
25.436378,38.82941,12.95348
25.436378,38.82941,12.949726
25.436378,38.82941,12.946171
25.436378,38.82941,12.942801
25.436378,38.82941,12.93961
25.436378,38.82941,12.936585
25.436378,38.82941,12.93372
25.436378,38.82941,12.931005
25.436378,38.82941,12.928432
25.436378,38.82941,12.925996
25.436378,38.82941,12.923687
25.436378,38.82941,12.921499
25.436378,38.82941,12.919427
25.436378,38.82941,12.917463
25.436378,38.82941,12.915603
25.436378,38.82941,12.91384
25.436378,38.82941,12.91217
25.436378,38.82941,12.910587
25.436378,38.82941,12.909088
25.436378,38.82941,12.907668
25.436378,38.82941,12.9063225
25.436378,38.82941,12.905047
25.436378,38.82941,12.903839
25.436378,38.82941,12.902695
25.436378,38.82941,12.90161
25.436378,38.82941,12.900583
25.436378,38.82941,12.89961
25.436378,38.82941,12.898687
25.436378,38.82941,12.897814
25.436378,38.82941,12.896986
25.436378,38.82941,12.896201
25.436378,38.82941,12.895458
25.436378,38.82941,12.894754
25.436378,38.82941,12.894087
25.436378,38.82941,12.8934555
25.436378,38.82941,12.892857
25.436378,38.82941,12.892289
25.436378,38.82941,12.891751
25.436378,38.82941,12.891242
25.436378,38.82941,12.890759
25.436378,38.82941,12.890303
25.436378,38.82941,12.889869
25.436378,38.82941,12.889459
25.436378,38.82941,12.88907
25.436378,38.82941,12.888701
25.436378,38.82941,12.888352
25.436378,38.82941,12.888021
25.436378,38.82941,12.887709
25.436378,38.82941,12.887412
25.436378,38.82941,12.887131
25.436378,38.82941,12.886864
25.436378,38.82941,12.886612
25.436378,38.82941,12.886373
25.436378,38.82941,12.886146
25.436378,38.82941,12.885931
53.20431,38.82941,12.885728
50.767765,38.82941,12.885535
48.545017,38.82941,12.885352
46.517307,38.82941,12.8851795
44.667522,38.82941,12.8850155
42.98005,38.82941,40.346973
41.44065,38.82941,38.90366
40.036324,38.82941,37.536198
38.755226,38.82941,36.240597
37.58654,38.82941,35.01308
36.5204,38.82941,33.85007
35.547813,38.82941,32.748177
34.66057,38.82941,31.704193
33.851177,38.82941,30.715069
33.112804,38.82941,29.777924
32.439224,38.82941,28.89003
31.824745,38.82941,28.048794
31.264187,38.82941,27.251764
30.752815,38.82941,26.49662
30.286316,38.82941,25.781162
29.860748,38.82941,25.103298
29.472525,38.82941,24.46106
29.118366,38.82941,23.852568
28.795282,38.82941,23.276056
28.50055,38.82941,22.729841
28.231678,38.82941,22.212328
27.9864,38.82941,21.722013
27.762644,38.82941,21.257463
27.558521,38.82941,20.817327
27.37231,38.82941,20.40032
27.202438,38.82941,20.005228
27.047472,38.82941,19.630898
26.906103,38.82941,19.27624
26.77714,38.82941,18.940218
26.659492,38.82941,18.621855
26.552168,38.82941,18.320223
26.454262,38.82941,18.034441
26.364946,38.82941,17.763678
26.283466,38.82941,17.507143
26.209137,38.82941,17.26409
26.14133,38.82941,17.03381
26.079473,38.82941,16.815632
26.023043,38.82941,16.608917
25.971565,38.82941,16.413067
25.924604,38.82941,16.227509
25.881763,38.82941,16.051702
25.842684,38.82941,15.885134
25.807032,38.82941,15.72732
25.774508,38.82941,15.577798
25.744839,38.82941,15.436133
25.717772,38.82941,15.301914
25.69308,38.82941,15.174748
25.670555,38.82941,15.054265
25.650007,38.82941,14.940113
25.631262,38.82941,14.831961
25.614162,38.82941,14.729491
25.598562,38.82941,14.632406
25.584332,38.82941,14.540423
25.571348,38.82941,14.453275
25.559505,38.82941,14.370706
25.5487,38.82941,14.292476
25.538845,38.82941,14.218357
25.529854,38.82941,14.148133
25.521652,38.82941,14.0816
25.51417,38.82941,14.018562
25.507343,38.82941,13.958838
25.501116,38.82941,13.902252
25.495436,38.82941,13.84864
25.490253,38.82941,13.797845
25.485527,38.82941,13.74972
25.481215,38.82941,13.7041235
25.47728,38.82941,13.660923
25.47369,38.82941,13.619993
25.470417,38.82941,13.581214
25.46743,38.82941,13.544473
25.464705,38.82941,13.509662
25.46222,38.82941,13.476681
25.459951,38.82941,13.445433
25.457884,38.82941,13.415827
25.455997,38.82941,13.387777
25.454275,38.82941,13.361201
25.452705,38.82941,13.336021
25.451273,38.82941,13.312165
25.449965,38.82941,13.289563
25.448772,38.82941,13.268148
25.447685,38.82941,13.247859
25.446693,38.82941,13.228636
25.445787,38.82941,13.2104225
25.444963,38.82941,13.193167
25.44421,38.82941,13.176818
25.443521,38.82941,13.161328
25.442896,38.82941,13.146652
25.442324,38.82941,13.132748
25.441801,38.82941,31.085155
25.441326,38.82941,30.128563
25.440891,38.82941,29.22224
25.440496,38.82941,28.363544
25.440134,38.82941,27.549976
25.439804,38.82941,26.779161
25.439505,38.82941,26.048855
25.43923,38.82941,42.23769
25.43898,38.82941,40.69502
25.438751,38.82941,39.233418
25.438543,38.82941,37.848625
25.438353,38.82941,36.536606
25.43818,38.82941,35.293533
25.438023,38.82941,34.115788
25.437878,38.82941,32.99993
25.437746,38.82941,31.942715
25.437626,38.82941,30.941055
25.437517,38.82941,29.992035
25.437416,38.82941,29.092888
25.437326,38.82941,28.240993
25.437243,38.82941,27.433865
25.437166,38.82941,26.669151
25.437098,38.82941,25.944624
25.437035,38.82941,25.258171
25.436977,38.82941,24.607794
25.436924,38.82941,23.99159
25.436876,38.82941,23.407774
25.436832,38.82941,22.854635
25.436792,38.82941,22.330564
25.436756,38.82941,21.834036
25.436724,38.82941,21.3636
25.436693,38.82941,20.917887
25.436666,38.82941,20.495594
25.43664,38.82941,20.095495
25.436617,38.82941,19.716421
25.436596,38.82941,19.357267
25.436577,38.82941,19.016989
25.43656,38.82941,18.694592
25.436544,38.82941,18.389135
25.43653,38.82941,18.099733
25.436516,38.82941,17.825539
25.436504,38.82941,17.565754
25.436493,38.82941,17.31962
25.436483,38.82941,17.086422
25.436474,38.82941,16.865479
25.436466,38.82941,16.656145
25.436459,38.82941,16.457813
25.436451,38.82941,16.269903
25.436445,38.82941,16.09187
25.43644,38.82941,15.923189
25.436434,38.82941,15.763375
25.436428,38.82941,15.6119585
25.436424,38.82941,15.4685
25.43642,38.82941,15.33258
25.436417,38.82941,15.203802
25.436413,38.82941,15.081792
25.43641,38.82941,14.966194
25.436407,38.82941,14.85667
25.436405,38.82941,14.752902
25.436403,38.82941,14.654588
25.436401,38.82941,14.5614395
25.436398,38.82941,14.4731865
25.436398,38.82941,14.38957
25.436396,38.82941,14.310349
25.436394,38.82941,14.2352915
25.436392,38.82941,14.164177
25.436392,38.82941,14.096801
25.43639,38.82941,14.032965
25.43639,38.82941,13.972484
25.436388,38.82941,13.91518
25.436388,38.82941,13.8608885
25.436386,38.82941,13.80945
25.436386,38.82941,13.760715
25.436384,38.82941,13.7145405
25.436384,38.82941,13.670793
25.436384,38.82941,13.629344
25.436384,38.82941,13.590074
25.436382,38.82941,13.552867
25.436382,38.82941,13.517615
25.436382,38.82941,13.484216
25.436382,38.82941,13.452572
25.436382,38.82941,13.422591
25.436382,38.82941,13.394185
25.43638,38.82941,13.367272
25.43638,38.82941,13.341774
25.43638,38.82941,13.3176155
25.43638,38.82941,13.294727
25.43638,38.82941,13.273041
25.43638,38.82941,13.252495
25.43638,38.82941,13.233027
25.43638,38.82941,13.214584
25.43638,38.82941,13.197109
25.43638,38.82941,13.180553
25.43638,38.82941,13.164867
25.43638,38.82941,13.150005
25.436378,38.82941,13.135924
25.436378,38.82941,13.122583
25.436378,38.82941,13.109943
25.436378,38.82941,13.097968
25.436378,38.82941,13.086622
25.436378,38.82941,13.075872
25.436378,38.82941,13.065687
25.436378,38.82941,13.056037
25.436378,38.82941,13.046894
25.436378,38.82941,13.038232
25.436378,38.82941,13.0300255
25.436378,38.82941,13.022249
25.436378,38.82941,13.014882
25.436378,38.82941,13.007902
25.436378,38.82941,13.001289
25.436378,38.82941,12.995024
25.436378,38.82941,12.989087
25.436378,38.82941,12.983463
25.436378,38.82941,12.978134
25.436378,38.82941,12.973085
25.436378,38.82941,12.968302
25.436378,38.82941,12.96377
25.436378,38.82941,12.9594755
25.436378,38.82941,12.955407
25.436378,38.82941,12.951553
25.436378,38.82941,12.947901
25.436378,38.82941,12.944441
25.436378,38.82941,12.941163
25.436378,38.82941,12.938057
25.436378,38.82941,12.935114
25.436378,38.82941,12.932326
25.436378,38.82941,12.929685
25.436378,38.82941,12.927182
25.436378,38.82941,12.92481
25.436378,38.82941,12.9225645
25.436378,38.82941,12.920436
25.436378,38.82941,12.918419
25.436378,38.82941,12.916509
25.436378,38.82941,12.914698
25.436378,38.82941,12.912983
25.436378,38.82941,12.911358
25.436378,38.82941,12.909818
25.436378,38.82941,12.90836
25.436378,38.82941,12.906978
25.436378,38.82941,12.905668
25.436378,38.82941,12.904428
25.436378,38.82941,12.903252
25.436378,38.82941,12.902138
25.436378,38.82941,12.901083
25.436378,38.82941,12.900084
25.436378,38.82941,12.899137
25.436378,38.82941,12.898239
25.436378,38.82941,12.897388
25.436378,38.82941,12.896584
25.436378,38.82941,12.89582
25.436378,38.82941,12.895097
25.436378,38.82941,12.894412
25.436378,38.82941,12.893763
25.436378,38.82941,12.893147
25.436378,38.82941,12.892565
25.436378,38.82941,12.892013
25.436378,38.82941,12.89149
25.436378,38.82941,12.890994
25.436378,38.82941,12.890525
25.436378,38.82941,12.89008
25.436378,38.82941,12.889659
25.436378,38.82941,12.889259
25.436378,38.82941,12.888881
25.436378,38.82941,12.888522
25.436378,38.82941,12.888183
25.436378,38.82941,12.887861
25.436378,38.82941,12.887556
25.436378,38.82941,12.887267
25.436378,38.82941,12.886993
25.436378,38.82941,12.886735
25.436378,38.82941,12.886489
25.436378,38.82941,12.886256
25.436378,38.82941,12.886036
25.436378,38.82941,12.885827
25.436378,38.82941,12.885629
25.436378,38.82941,12.885441
25.436378,38.82941,12.885263
25.436378,38.82941,12.885096
25.436378,38.82941,12.884935
25.436378,38.82941,12.884785
25.436378,38.82941,12.884642
25.436378,38.82941,12.884505
25.436378,38.82941,12.8843775
25.436378,38.82941,12.884255
25.436378,38.82941,12.88414
25.436378,38.82941,12.88403
25.436378,38.82941,12.883927
25.436378,38.82941,12.883829
25.436378,38.82941,12.883736
25.436378,38.82941,12.883648
25.436378,38.82941,12.883565
25.436378,38.82941,12.883486
25.436378,38.82941,12.88341
25.436378,38.82941,12.88334
25.436378,38.82941,12.883272
25.436378,38.82941,12.883208
25.436378,38.82941,12.883148
25.436378,38.82941,12.883091
25.436378,38.82941,12.883037
25.436378,38.82941,12.882986
25.436378,38.82941,12.882937
25.436378,38.82941,12.882891
25.436378,38.82941,12.882847
25.436378,38.82941,12.882806
25.436378,38.82941,12.882767
25.436378,38.82941,12.88273
25.436378,38.82941,12.882694
25.436378,38.82941,12.882661
25.436378,38.82941,12.882629
25.436378,38.82941,12.8826
25.436378,38.82941,12.882571
25.436378,38.82941,12.8825445
25.436378,38.82941,12.882519
25.436378,38.82941,12.882495
25.436378,38.82941,12.882472
25.436378,38.82941,12.88245
25.436378,38.82941,12.88243
25.436378,38.82941,12.88241
25.436378,38.82941,12.882392
25.436378,38.82941,12.882375
25.436378,38.82941,12.882358
25.436378,38.82941,12.882342
25.436378,38.82941,12.882327
25.436378,38.82941,12.882314
25.436378,38.82941,12.8823
25.436378,38.82941,12.882287
25.436378,38.82941,12.882276
25.436378,38.82941,12.882264
25.436378,38.82941,12.882254
25.436378,38.82941,12.882243
25.436378,38.82941,12.882234
25.436378,38.82941,12.882225
25.436378,38.82941,12.8822155
25.436378,38.82941,12.882208
25.436378,38.82941,12.8822
25.436378,38.82941,12.882193
25.436378,38.82941,12.882186
25.436378,38.82941,12.882179
25.436378,38.82941,12.882173
25.436378,38.82941,12.882167
25.436378,38.82941,12.882161
25.436378,38.82941,12.882156
25.436378,38.82941,12.882151
25.436378,38.82941,12.882146
25.436378,38.82941,12.882142
25.436378,38.82941,12.882137
25.436378,38.82941,12.8821335
25.436378,38.82941,12.88213
25.436378,38.82941,12.882126
25.436378,38.82941,12.882122
25.436378,38.82941,12.882119
25.436378,38.82941,12.882116
25.436378,38.82941,12.882113
25.436378,38.82941,12.882111
25.436378,38.82941,12.882108
25.436378,38.82941,12.882105
25.436378,38.82941,12.882103
25.436378,38.82941,12.8821
25.436378,38.82941,12.882098
25.436378,38.82941,12.882096
25.436378,38.82941,12.882094
25.436378,38.82941,12.882092
25.436378,38.82941,12.882091
25.436378,38.82941,12.88209
25.436378,38.82941,12.882088
25.436378,38.82941,12.882087
25.436378,38.82941,12.882085
25.436378,38.82941,12.882084
25.436378,38.82941,12.882082
25.436378,38.82941,12.882081
25.436378,38.82941,12.88208
25.436378,38.82941,12.882079
25.436378,38.82941,12.882078
25.436378,38.82941,12.882077
25.436378,38.82941,12.882076
25.436378,38.82941,12.882075
25.436378,38.82941,12.882074
25.436378,38.82941,12.882073
25.436378,38.82941,12.882073
25.436378,38.82941,12.882072
25.436378,38.82941,12.8820715
25.436378,38.82941,12.8820715
25.436378,38.82941,12.882071
25.436378,38.82941,12.88207
25.436378,38.82941,12.88207
25.436378,38.82941,12.882069
25.436378,38.82941,12.882069
25.436378,38.82941,12.882068
25.436378,38.82941,12.882068
25.436378,38.82941,12.882068
25.436378,38.82941,12.882067
25.436378,38.82941,12.882067
25.436378,38.82941,12.882066
25.436378,38.82941,12.882066
25.436378,38.82941,12.882066
25.436378,38.82941,12.882065
25.436378,38.82941,12.882065
25.436378,38.82941,12.882065
25.436378,38.82941,12.882065
25.436378,38.82941,12.882064
25.436378,38.82941,12.882064
25.436378,38.82941,12.882064
25.436378,38.82941,12.882064
25.436378,38.82941,12.882064
25.436378,38.82941,12.882063
25.436378,38.82941,12.882063
25.436378,38.82941,12.882063
25.436378,38.82941,12.882063
25.436378,38.82941,12.882063
25.436378,38.82941,12.882063
25.436378,38.82941,12.882062
25.436378,38.82941,12.882062
25.436378,38.82941,12.882062
25.436378,38.82941,12.882062
25.436378,38.82941,12.882062
25.436378,38.82941,12.882062
25.436378,38.82941,12.882062
25.436378,38.82941,12.882062
25.436378,38.82941,12.882062
25.436378,38.82941,12.882061
25.436378,38.82941,12.882061
25.436378,38.82941,12.882061
25.436378,38.82941,12.882061
25.436378,38.82941,12.882061
25.436378,38.82941,12.882061
25.436378,38.82941,12.882061
25.436378,38.82941,12.882061
25.436378,38.82941,12.882061
25.436378,38.82941,12.882061
25.436378,38.82941,12.882061
25.436378,38.82941,12.882061
25.436378,38.82941,12.882061
25.436378,38.82941,12.882061
25.436378,38.82941,12.882061
25.436378,38.82941,12.882061
25.436378,38.82941,12.882061
25.436378,38.82941,12.882061
25.436378,38.82941,12.882061
25.436378,38.82941,12.882061
25.436378,38.82941,12.882061
25.436378,38.82941,12.88206
25.436378,38.82941,12.88206
25.436378,38.82941,12.88206
25.436378,38.82941,12.88206
25.436378,38.82941,12.88206
25.436378,38.82941,12.88206
25.436378,38.82941,12.88206
25.436378,38.82941,12.88206
25.436378,38.82941,12.88206
25.436378,38.82941,12.88206
25.436378,38.82941,12.88206
25.436378,38.82941,12.88206
25.436378,38.82941,12.88206
25.436378,38.82941,12.88206
25.436378,38.82941,12.88206
25.436378,38.82941,12.88206
25.436378,38.82941,12.88206
25.436378,38.82941,12.88206
25.436378,38.82941,12.88206
25.436378,38.82941,12.88206
25.436378,38.82941,12.88206
25.436378,38.82941,12.88206
25.436378,38.82941,12.88206
25.436378,38.82941,12.88206
25.436378,38.82941,12.88206
25.436378,38.82941,12.88206
25.436378,38.82941,12.88206
25.436378,38.82941,12.88206
25.436378,38.82941,12.88206
25.436378,38.82941,12.88206
25.436378,38.82941,12.88206
25.436378,38.82941,12.88206
25.436378,38.82941,12.88206
25.436378,38.82941,12.88206
25.436378,38.82941,12.88206
25.436378,38.82941,12.88206
25.436378,38.82941,12.88206
25.436378,38.82941,12.88206
25.436378,38.82941,12.88206
25.436378,38.82941,12.88206
25.436378,38.82941,12.88206
25.436378,38.82941,12.88206
25.436378,38.82941,12.88206
25.436378,38.82941,12.88206
25.436378,38.82941,12.88206
25.436378,38.82941,12.88206
25.436378,38.82941,12.88206
25.436378,38.82941,12.88206
25.436378,38.82941,12.88206
25.436378,38.82941,12.88206
25.436378,38.82941,12.88206
25.436378,38.82941,12.88206
25.436378,38.82941,12.88206
25.436378,38.82941,12.88206
25.436378,38.82941,12.88206
25.436378,38.82941,12.88206
25.436378,38.82941,12.88206
25.436378,38.82941,12.88206
25.436378,38.82941,12.88206
25.436378,38.82941,12.88206
25.436378,38.82941,12.88206
25.436378,38.82941,12.88206
25.436378,38.82941,12.88206
25.436378,38.82941,12.88206
25.436378,38.82941,12.88206
25.436378,38.82941,12.88206
25.436378,38.82941,12.88206
25.436378,38.82941,12.88206
25.436378,38.82941,12.88206
25.436378,38.82941,12.88206
25.436378,38.82941,12.88206
25.436378,38.82941,12.88206
25.436378,38.82941,12.88206
25.436378,38.82941,12.88206
25.436378,38.82941,12.88206
25.436378,38.82941,12.88206
25.436378,38.82941,12.88206
25.436378,38.82941,12.88206
25.436378,38.82941,12.88206
25.436378,38.82941,12.88206
25.436378,38.82941,12.88206
25.436378,38.82941,12.88206
25.436378,38.82941,12.88206
25.436378,38.82941,12.88206
25.436378,38.82941,12.88206
25.436378,38.82941,12.88206
25.436378,38.82941,12.88206
25.436378,38.82941,12.88206
25.436378,38.82941,12.88206
25.436378,38.82941,12.88206
25.436378,38.82941,12.88206
25.436378,38.82941,12.88206
25.436378,38.82941,12.88206
25.436378,38.82941,12.88206
25.436378,38.82941,12.88206
25.436378,38.82941,12.88206
25.436378,38.82941,12.88206
25.436378,38.82941,12.88206
25.436378,38.82941,12.88206
25.436378,38.82941,12.88206
25.436378,38.82941,12.88206
25.436378,38.82941,12.88206
25.436378,38.82941,12.88206
25.436378,38.82941,12.88206
25.436378,38.82941,12.88206
25.436378,38.82941,12.88206
25.436378,38.82941,12.88206
25.436378,38.82941,12.88206
25.436378,38.82941,12.88206
25.436378,38.82941,12.88206
25.436378,38.82941,12.88206
25.436378,38.82941,12.88206
25.436378,38.82941,12.88206
25.436378,38.82941,12.88206
25.436378,38.82941,12.88206
25.436378,38.82941,12.88206
25.436378,38.82941,12.88206
25.436378,38.82941,12.88206
25.436378,38.82941,12.88206
89.124664,38.82941,12.88206
83.53622,38.82941,12.88206
173.17828,38.82941,12.88206
368.58423,38.82941,12.88206
593.06464,38.82941,12.88206
641.3761,38.82941,12.88206
587.32935,38.82941,12.88206
646.7615,38.82941,12.88206
592.2422,38.82941,12.88206
542.5068,38.82941,12.88206
795.9637,38.82941,12.88206
812.38104,38.82941,12.88206
789.6942,38.82941,12.88206
722.63306,38.82941,12.88206
661.4563,38.82941,12.88206
605.6476,38.82941,12.88206
601.5315,38.82941,12.88206
652.37036,38.82941,12.88206
687.459,38.82941,12.88206
629.36865,38.82941,12.88206
576.37555,38.82941,12.88206
632.4075,38.82941,12.88206
579.1477,38.82941,12.88206
532.516,38.82941,12.88206
593.3477,38.82941,12.88206
543.5153,38.82941,12.88206
498.0555,38.82941,12.88206
456.5847,38.82941,12.88206
418.7528,38.82941,12.88206
417.93628,38.82941,12.88206
437.8144,38.82941,12.88206
427.35413,38.82941,12.88206
449.70285,38.82941,12.88206
412.47482,38.82941,12.88206
378.51343,38.82941,12.88206
347.53204,38.82941,12.88206
319.26917,38.82941,12.88206
301.26627,38.82941,12.88206
277.06308,38.82941,12.88206
291.27655,38.82941,12.88206
267.94992,38.82941,12.88206
246.67014,38.82941,12.88206
227.2576,38.82941,12.88206
209.54843,38.82941,12.88206
208.40857,38.82941,12.88206
192.35336,38.82941,12.88206
177.70694,38.82941,12.88206
164.34567,38.82941,12.88206
152.15683,38.82941,12.88206
262.54025,38.82941,12.88206
241.73517,38.82941,12.88206
222.75565,38.82941,12.88206
205.4415,38.82941,12.88206
189.64664,38.82941,12.88206
175.2377,38.82941,12.88206
162.09311,38.82941,12.88206
150.10193,38.82941,12.88206
139.16293,38.82941,12.88206
129.18378,38.82941,12.88206
120.080284,38.82941,12.88206
130.6754,38.82941,12.88206
121.44101,38.82941,12.88206
113.01691,38.82941,12.88206
105.33199,38.82941,12.88206
98.32141,38.82941,12.88206
91.92598,38.82941,12.88206
172.92972,38.82941,12.88206
159.98767,38.82941,12.88206
148.18121,38.82941,12.88206
137.41075,38.82941,12.88206
127.58536,38.82941,12.88206
118.62211,38.82941,12.88206
110.44536,38.82941,12.88206
102.98609,38.82941,12.88206
96.18135,38.82941,12.88206
89.97371,38.82941,12.88206
84.31076,38.82941,12.88206
79.14473,38.82941,12.88206
74.43199,38.82941,12.88206
70.13278,38.82941,12.88206
66.210815,38.82941,12.88206
62.632988,38.82941,12.88206
59.369106,38.82941,12.88206
56.391617,38.82941,12.88206
53.675396,38.82941,12.88206
51.19751,38.82941,12.88206
48.937057,38.82941,12.88206
46.874947,38.82941,12.88206
44.993782,38.82941,12.88206
43.27768,38.82941,12.88206
41.712166,38.82941,12.88206
40.284016,38.82941,12.88206
38.981182,38.82941,12.88206
37.79267,38.82941,12.88206
36.708447,38.82941,12.88206
35.719357,38.82941,12.88206
34.81706,38.82941,12.88206
33.993935,38.82941,12.88206
33.243034,38.82941,12.88206
32.558025,38.82941,12.88206
31.933125,38.82941,12.88206
31.363056,38.82941,12.88206
30.84301,38.82941,12.88206
30.368595,38.82941,12.88206
29.935808,38.82941,12.88206
29.540998,38.82941,12.88206
29.18083,38.82941,12.88206
28.852266,38.82941,12.88206
28.552534,38.82941,12.88206
28.2791,38.82941,12.88206
28.029661,38.82941,12.88206
27.802109,38.82941,12.88206
27.594524,38.82941,12.88206
27.405153,38.82941,12.88206
27.232399,38.82941,12.88206
27.074804,38.82941,12.88206
26.931038,38.82941,12.88206
26.799887,38.82941,12.88206
26.680243,38.82941,12.88206
26.571098,38.82941,12.88206
26.471529,38.82941,12.88206
26.3807,38.82941,12.88206
26.297838,38.82941,12.88206
26.222248,38.82941,12.88206
26.15329,38.82941,12.88206
26.090384,38.82941,12.88206
26.032997,38.82941,12.88206
25.980644,38.82941,12.88206
25.932888,38.82941,12.88206
25.88932,38.82941,12.88206
25.849577,38.82941,12.88206
25.81332,38.82941,12.88206
25.780245,38.82941,12.88206
25.75007,38.82941,12.88206
25.722546,38.82941,12.88206
25.697435,38.82941,12.88206
25.674528,38.82941,12.88206
25.653631,38.82941,12.88206
25.634567,38.82941,12.88206
25.617178,38.82941,12.88206
25.601313,38.82941,12.88206
25.58684,38.82941,12.88206
25.573639,38.82941,12.88206
25.561594,38.82941,12.88206
25.550606,38.82941,12.88206
25.540583,38.82941,12.88206
25.53144,38.82941,12.88206
25.523098,38.82941,12.88206
25.51549,38.82941,12.88206
25.508547,38.82941,12.88206
25.502214,38.82941,12.88206
25.496437,38.82941,12.88206
25.491167,38.82941,12.88206
25.48636,38.82941,12.88206
25.481974,38.82941,12.88206
25.477974,38.82941,12.88206
25.474323,38.82941,12.88206
25.470995,38.82941,12.88206
25.467957,38.82941,12.88206
25.465185,38.82941,12.88206
25.462658,38.82941,12.88206
25.460352,38.82941,12.88206
25.458248,38.82941,12.88206
25.45633,38.82941,12.88206
25.454578,38.82941,12.88206
25.452982,38.82941,12.88206
25.451525,38.82941,12.88206
25.450195,38.82941,12.88206
25.448984,38.82941,12.88206
25.447878,38.82941,12.88206
25.446869,38.82941,12.88206
25.445948,38.82941,12.88206
25.445108,38.82941,12.88206
25.444342,38.82941,12.88206
25.443644,38.82941,12.88206
25.443007,38.82941,12.88206
25.442425,38.82941,12.88206
25.441895,38.82941,12.88206
25.44141,38.82941,12.88206
25.440968,38.82941,12.88206
25.440565,38.82941,12.88206
25.440199,38.82941,12.88206
25.439863,38.82941,12.88206
25.439558,38.82941,12.88206
38.744865,38.82941,12.88206
37.577087,38.82941,12.88206
51.661465,38.82941,12.88206
49.3603,38.82941,12.88206
47.26105,38.82941,12.88206
45.34601,38.82941,12.88206
43.599,38.82941,12.88206
42.005287,38.82941,12.88206
40.551422,38.82941,12.88206
39.225124,38.82941,12.88206
38.015205,38.82941,12.88206
36.911453,38.82941,12.88206
35.904552,38.82941,12.88206
34.986004,38.82941,12.88206
34.148056,38.82941,12.88206
33.383633,38.82941,12.88206
32.686287,38.82941,12.88206
32.050133,38.82941,12.88206
31.469795,38.82941,12.88206
30.940382,38.82941,12.88206
30.457424,38.82941,12.88206
30.016842,38.82941,12.88206
29.614922,38.82941,12.88206
29.248268,38.82941,12.88206
28.913788,38.82941,12.88206
28.608656,38.82941,12.88206
28.330297,38.82941,12.88206
28.076366,38.82941,12.88206
27.844715,38.82941,12.88206
27.633392,38.82941,12.88206
27.44061,38.82941,12.88206
27.264746,38.82941,12.88206
27.104313,38.82941,12.88206
26.957956,38.82941,12.88206
26.824444,38.82941,12.88206
26.702644,38.82941,12.88206
26.591534,38.82941,12.88206
26.490173,38.82941,12.88206
26.397705,38.82941,12.88206
26.313353,38.82941,12.88206
26.2364,38.82941,12.88206
26.1662,38.82941,12.88206
26.102161,38.82941,12.88206
26.043741,38.82941,12.88206
25.990448,38.82941,12.88206
25.94183,38.82941,12.88206
25.897478,38.82941,12.88206
25.857018,38.82941,12.88206
25.820108,38.82941,12.88206
25.786436,38.82941,12.88206
25.75572,38.82941,12.88206
43.758675,38.82941,12.88206
42.15095,38.82941,12.88206
40.684303,38.82941,12.88206
39.346344,38.82941,12.88206
38.12579,38.82941,12.88206
37.012337,38.82941,12.88206
35.996582,38.82941,12.88206
35.069958,38.82941,12.88206
34.22464,38.82941,12.88206
33.4535,38.82941,12.88206
32.750023,38.82941,12.88206
32.108273,38.82941,12.88206
31.522837,38.82941,12.88206
30.98877,38.82941,12.88206
30.501564,38.82941,12.88206
30.057112,38.82941,12.88206
29.651657,38.82941,12.88206
29.28178,38.82941,12.88206
28.944359,38.82941,12.88206
28.636543,38.82941,12.88206
28.35574,38.82941,12.88206
28.099575,38.82941,12.88206
27.865889,38.82941,12.88206
27.652706,38.82941,12.88206
27.458231,38.82941,12.88206
27.280819,38.82941,12.88206
27.118977,38.82941,12.88206
26.971333,38.82941,12.88206
26.836645,38.82941,12.88206
26.713778,38.82941,12.88206
26.601688,38.82941,12.88206
26.499437,38.82941,12.88206
26.406157,38.82941,12.88206
26.321062,38.82941,12.88206
26.243435,38.82941,12.88206
26.172617,38.82941,12.88206
26.108015,38.82941,12.88206
26.049082,38.82941,12.88206
25.995317,38.82941,12.88206
25.946274,38.82941,12.88206
25.901531,38.82941,12.88206
25.860716,38.82941,12.88206
25.82348,38.82941,12.88206
25.789515,38.82941,12.88206
25.758528,38.82941,12.88206
25.73026,38.82941,12.88206
25.704473,38.82941,12.88206
25.680948,38.82941,12.88206
25.659489,38.82941,12.88206
25.639912,38.82941,12.88206
25.622051,38.82941,12.88206
25.60576,38.82941,12.88206
25.590897,38.82941,12.88206
25.57734,38.82941,12.88206
25.56497,38.82941,12.88206
25.553686,38.82941,12.88206
25.543392,38.82941,12.88206
25.534002,38.82941,12.88206
25.525436,38.82941,12.88206
25.517622,38.82941,12.88206
25.510492,38.82941,12.88206
25.50399,38.82941,12.88206
25.498056,38.82941,12.88206
25.492645,38.82941,12.88206
25.487707,38.82941,12.88206
25.483204,38.82941,12.88206
25.479095,38.82941,12.88206
25.475348,38.82941,12.88206
25.471928,38.82941,12.88206
25.468807,38.82941,12.88206
25.465963,38.82941,12.88206
25.463367,38.82941,12.88206
25.460999,38.82941,12.88206
25.458838,38.82941,12.88206
25.456867,38.82941,12.88206
25.45507,38.82941,12.88206
25.45343,38.82941,12.88206
25.451933,38.82941,12.88206
25.45057,38.82941,12.88206
25.449324,38.82941,12.88206
25.448187,38.82941,12.88206
25.447151,38.82941,12.88206
25.446205,38.82941,12.88206
25.445343,38.82941,12.88206
25.444557,38.82941,12.88206
25.44384,38.82941,12.88206
25.443184,38.82941,12.88206
25.442587,38.82941,12.88206
25.442043,38.82941,12.88206
25.441545,38.82941,12.88206
25.441092,38.82941,12.88206
25.44068,38.82941,12.88206
25.440302,38.82941,20.445269
25.439957,38.82941,20.047813
25.439644,38.82941,19.671246
25.439356,38.82941,19.314466
25.439095,38.82941,18.976437
25.438856,38.82941,18.65617
25.438639,38.82941,18.352736
25.43844,38.82941,18.065245
25.43826,38.82941,17.792864
25.438095,38.82941,17.534796
25.437944,38.82941,17.290289
25.437807,38.82941,17.058632
25.437681,38.82941,16.839148
25.437567,38.82941,16.631199
25.437464,38.82941,16.434177
25.437368,38.82941,16.247509
25.43728,38.82941,16.070652
25.437202,38.82941,15.903088
25.43713,38.82941,15.744329
25.437063,38.82941,15.593914
25.437004,38.82941,15.451403
25.436949,38.82941,15.316381
25.4369,38.82941,15.188456
25.436853,38.82941,15.067251
25.436811,38.82941,14.952417
25.436773,38.82941,14.843617
25.436739,38.82941,14.740536
25.436707,38.82941,14.642871
25.436678,38.82941,14.550338
25.436651,38.82941,14.462668
25.436628,38.82941,14.379605
25.436605,38.82941,14.300908
25.436586,38.82941,14.226346
25.436567,38.82941,14.155703
25.436552,38.82941,14.088771
25.436537,38.82941,14.025357
25.436522,38.82941,13.965276
25.43651,38.82941,13.908352
25.436499,38.82941,13.854419
25.436487,38.82941,13.80332
25.436478,38.82941,13.754907
25.43647,38.82941,13.709038
25.43646,38.82941,13.66558
25.436455,38.82941,13.624405
25.436447,38.82941,13.585394
25.436441,38.82941,13.548432
25.436436,38.82941,13.513414
25.43643,38.82941,13.480236
25.436426,38.82941,13.448801
25.436422,38.82941,13.419018
25.436419,38.82941,13.3908
25.436415,38.82941,13.364065
25.43641,38.82941,13.338736
25.436409,38.82941,13.314737
25.436405,38.82941,13.291999
25.436403,38.82941,13.270456
25.436401,38.82941,13.250046
25.4364,38.82941,13.230708
25.436398,38.82941,13.212386
25.436396,38.82941,13.195027
25.436394,38.82941,13.17858
25.436394,38.82941,13.162998
25.436392,38.82941,13.148234
25.43639,38.82941,13.134247
25.43639,38.82941,13.120994
25.436388,38.82941,13.108438
25.436388,38.82941,13.096541
25.436386,38.82941,13.08527
25.436386,38.82941,13.074591
25.436386,38.82941,13.064473
25.436384,38.82941,13.054887
25.436384,38.82941,13.045805
25.436384,38.82941,13.0372
25.436384,38.82941,13.029047
25.436382,38.82941,13.021323
25.436382,38.82941,13.014005
25.436382,38.82941,13.007071
25.436382,38.82941,13.000502
25.436382,38.82941,12.994277
25.43638,38.82941,12.9883795
25.43638,38.82941,12.982793
25.43638,38.82941,12.977499
25.43638,38.82941,12.972484
25.43638,38.82941,12.967731
25.43638,38.82941,12.963229
25.43638,38.82941,12.958964
25.43638,38.82941,12.954923
25.43638,38.82941,12.951094
25.43638,38.82941,12.947466
25.43638,38.82941,12.944029
25.43638,38.82941,12.940772
25.436378,38.82941,12.937687
25.436378,38.82941,12.934764
25.436378,38.82941,12.9319935
25.436378,38.82941,12.92937
25.436378,38.82941,12.926884
25.436378,38.82941,12.924528
25.436378,38.82941,12.922297
25.436378,38.82941,12.920182
25.436378,38.82941,12.918179
25.436378,38.82941,12.916281
25.436378,38.82941,12.914482
25.436378,38.82941,12.912779
25.436378,38.82941,12.911164
25.436378,38.82941,12.909635
25.436378,38.82941,12.908186
25.436378,38.82941,12.906813
25.436378,38.82941,12.905512
25.436378,38.82941,12.90428
25.436378,38.82941,12.903111
25.436378,38.82941,12.902005
25.436378,38.82941,12.900957
25.436378,38.82941,12.899964
25.436378,38.82941,12.899023
25.436378,38.82941,12.898132
25.436378,38.82941,12.897287
25.436378,38.82941,12.896487
25.436378,38.82941,12.895729
25.436378,38.82941,12.895011
25.436378,38.82941,12.89433
25.436378,38.82941,12.893685
25.436378,38.82941,12.893074
25.436378,38.82941,12.892495
25.436378,38.82941,12.891947
25.436378,38.82941,12.891428
25.436378,38.82941,12.890935
25.436378,38.82941,21.7144
25.436378,38.82941,21.25025
25.436378,38.82941,20.810492
25.436378,38.82941,20.393843
25.436378,38.82941,19.99909
25.436378,38.82941,205.27135
25.436378,38.82941,254.15964
25.436378,38.82941,241.48024
25.436378,103.28287,285.44418
25.436378,266.18454,534.68774
25.436378,246.23485,711.14703
25.436378,313.56158,887.0414
25.436378,443.09985,841.1034
25.436378,438.0348,797.57947
25.436378,642.3701,882.21045
25.436378,665.3684,836.5263
25.436378,610.3916,793.2429
25.436378,618.98773,858.09564
25.436378,568.0807,813.6788
25.436378,529.5304,808.6042
25.436378,531.93915,766.7881
25.436378,565.81616,902.4713
25.436378,519.57477,1013.9029
25.436378,477.3909,961.29816
25.436378,569.45526,911.4579
25.436378,522.89453,864.23676
25.436378,498.91928,819.49713
25.436378,458.54788,801.56696
25.436378,486.0388,875.185
25.436378,446.7976,829.87006
25.436378,502.35797,786.93646
25.436378,461.6848,746.25903
25.436378,528.8286,759.41425
25.436378,485.83273,807.02625
25.436378,446.60962,775.72516
25.436378,410.82822,764.5173
25.436378,378.18652,725.018
25.436378,348.40903,763.0812
25.436378,415.55917,723.6574
25.436378,382.50235,692.6885
25.436378,352.34616,656.9639
25.436378,428.73767,623.1167
25.436378,452.92572,591.0482
25.436378,416.5901,560.665
25.436378,383.4428,533.3715
25.436378,353.2041,508.415
25.436378,325.6187,482.3742
25.436378,300.45386,615.43414
25.436378,277.49716,583.76935
25.436378,256.5548,553.7686
25.436378,237.4501,525.3444
25.436378,220.02177,498.41394
25.436378,246.3646,489.57285
25.436378,228.15405,577.5155
25.436378,212.04387,547.8434
25.436378,308.75085,532.3833
25.436378,285.06613,505.08292
25.436378,263.45966,479.21722
25.436378,243.74905,454.71082
25.436378,225.768,466.7421
25.436378,209.36475,442.89127
25.436378,194.40082,420.29382
25.436378,180.74992,398.88388
25.436378,168.29686,378.59903
25.436378,156.93651,359.38022
25.436378,146.573,417.33234
25.436378,137.11884,396.07803
25.436378,128.49426,375.94064
25.436378,120.62645,356.8615
25.436378,113.44902,338.785
25.436378,106.9014,321.65845
25.436378,100.9283,305.43192
25.436378,148.14629,290.0581
25.436378,138.55408,275.49222
25.436378,129.80356,261.69177
25.436378,121.82086,248.61656
25.436378,114.538635,236.22845
25.436378,107.895386,224.49136
25.436378,101.83507,213.37106
25.436378,96.306526,202.83514
25.436378,91.26309,192.8529
25.436378,86.6622,183.39523
25.436378,82.46503,174.43459
25.436378,78.63614,165.94482
25.436378,75.143234,164.601
25.436378,71.95681,156.628
25.436378,69.04999,149.074
25.436378,66.398224,141.91698
25.436378,63.979153,135.13605
25.436378,61.772343,128.71147
25.436378,59.759174,122.624504
25.436378,57.922653,116.85742
25.436378,56.247284,111.3934
25.436378,54.718918,106.21652
25.436378,53.32467,101.31169
25.436378,52.052753,96.66462
25.436378,50.89245,92.26175
25.436378,49.833954,88.09026
25.436378,48.868343,84.13799
25.436378,47.987457,80.39342
25.436378,47.18387,76.84563
25.436378,46.45079,73.48427
25.436378,45.78204,70.29956
25.436378,45.17197,67.2822
25.436378,44.61543,105.552734
25.436378,44.107727,100.68279
25.436378,43.64457,113.128944
25.436378,43.222054,107.86086
25.436378,42.836617,102.86962
25.436378,42.484997,98.14068
25.436378,42.16423,93.66024
25.436378,41.87161,89.41526
25.436378,41.604668,85.39336
25.436378,41.361145,81.58281
25.436378,41.138996,77.97251
25.436378,40.936337,74.55194
25.436378,40.75146,71.31112
25.436378,40.582806,68.24061
25.436378,40.42895,65.33146
25.436378,40.288597,62.575184
25.436378,40.160557,59.963757
25.436378,40.043755,57.489563
25.436378,39.9372,55.14539
25.436378,39.839996,52.924404
25.436378,39.75132,50.820137
25.436378,39.670425,48.82645
25.436378,39.596626,46.93753
25.436378,39.52931,45.147877
25.436378,39.467896,43.452274
25.436378,39.41187,41.845776
25.436378,39.36076,40.3237
25.436378,39.314137,38.881615
25.436378,39.271603,37.51531
25.436378,39.232803,36.220806
25.436378,39.197407,103.24722
25.436378,39.165115,98.498436
25.436378,39.13566,93.99919
25.436378,39.108788,89.7364
25.436378,39.08427,85.69762
25.436378,39.06191,81.87108
25.436378,39.041508,78.24563
25.436378,39.022896,74.81071
25.436378,39.00592,71.55629
25.436378,38.99043,68.47289
25.436378,38.976303,65.55154
25.436378,38.963413,62.783695
25.436378,38.951653,60.16131
25.436378,38.94093,57.67673
25.436378,38.93114,64.017586
25.436378,38.922215,61.330357
25.436378,38.914074,58.784348
25.436378,38.906643,56.37213
25.436378,38.899868,54.08668
25.436378,38.893684,51.921333
25.436378,38.888046,49.869778
25.436378,38.8829,47.92603
25.436378,38.878204,46.08443
25.436378,38.873924,44.33961
25.436378,38.870018,42.68648
25.436378,38.866455,41.120228
25.436378,38.863205,39.63628
25.436378,38.86024,38.230316
25.436378,38.857533,36.89824
25.436378,38.85507,35.63616
25.436378,38.852814,34.44041
25.436378,38.85076,33.307495
25.436378,38.84889,32.234116
25.436378,38.84718,31.217144
25.436378,38.84562,30.253616
25.436378,38.844196,29.340721
25.436378,38.8429,28.475801
25.436378,38.841717,27.656334
25.436378,38.840637,26.879929
25.436378,38.839653,26.144325
25.436378,38.838753,25.44738
25.436378,38.837933,24.78706
25.436378,38.837185,24.161438
25.436378,38.836502,23.568693
25.436378,38.83588,23.007097
25.436378,38.83531,22.475016
25.436378,38.834797,21.970896
25.436378,38.834324,21.493269
25.436378,38.833893,21.04074
25.436378,38.8335,20.611992
25.436378,38.83314,20.205776
25.436378,38.832813,19.820908
25.436378,38.832516,19.456263
25.436378,38.83224,19.11078
25.436378,38.831993,30.667332
25.436378,38.831768,29.732697
25.436378,38.83156,28.847178
25.436378,38.83137,28.008194
25.436378,38.8312,27.213299
25.436378,38.831043,26.460176
25.436378,38.8309,25.746632
25.436378,38.83077,25.070583
25.436378,38.83065,24.430065
25.436378,38.83054,23.823202
25.436378,38.83044,23.248234
25.436378,38.830353,22.70348
25.436378,38.83027,22.187353
25.436378,38.830193,21.69835
25.436378,38.830124,21.235044
25.436378,38.830063,20.796087
25.436378,38.830006,20.380196
25.436378,38.829952,19.98616
25.436378,38.829906,19.612833
25.436378,38.82986,19.259123
25.436378,38.829823,18.924002
25.436378,38.829784,18.606491
25.436378,38.829754,18.305666
25.436378,38.829723,18.020649
25.436378,38.829697,17.75061
25.436378,38.82967,17.494762
25.436378,38.829647,17.25236
25.436378,38.829628,17.022696
25.436378,38.82961,16.805101
25.436378,38.82959,16.598942
25.436378,38.829575,16.403616
25.436378,38.82956,16.218554
25.436378,38.829548,16.043217
25.436378,38.829536,15.877095
25.436378,38.829525,15.719703
25.436378,38.829514,15.570581
25.436378,38.829506,15.4292965
25.436378,38.8295,15.295437
25.436378,38.82949,15.168611
25.436378,38.829483,15.04845
25.436378,38.829475,14.934605
25.436378,38.82947,14.82674
25.436378,38.829464,14.7245455
25.436378,38.82946,14.627721
25.436378,38.829456,14.535984
25.436378,38.829453,14.449069
25.436378,38.82945,14.366721
25.436378,38.829445,14.2887
25.436378,38.82944,14.21478
25.436378,38.82944,14.144744
25.436378,38.829437,14.078388
25.436378,38.829433,14.01552
25.436378,38.829433,13.9559555
25.436378,38.82943,13.899521
25.436378,38.82943,13.846052
25.436378,38.829426,13.795394
25.436378,38.829426,13.747397
25.436378,38.829426,13.701922
25.436378,38.829422,13.658838
25.436378,38.829422,13.618017
25.436378,38.829422,13.579342
25.436378,38.82942,13.542699
25.436378,38.82942,13.507982
25.436378,38.82942,13.475089
25.436378,38.82942,13.443925
25.436378,38.82942,13.414398
25.436378,38.82942,13.386423
25.436378,38.829414,13.359919
25.436378,38.829414,13.334806
25.436378,38.829414,13.311014
25.436378,38.829414,13.288472
25.436378,38.829414,13.267115
25.436378,38.829414,13.24688
25.436378,38.829414,13.227708
25.436378,38.829414,13.209544
25.436378,38.829414,13.192334
25.436378,38.829414,13.176029
25.436378,38.829414,13.160581
25.436378,38.829414,13.145944
25.436378,38.82941,13.132076
25.436378,38.82941,13.1189375
25.436378,38.82941,13.10649
25.436378,38.82941,13.094696
25.436378,38.82941,13.083522
25.436378,38.82941,13.072934
25.436378,38.82941,13.062903
25.436378,38.82941,13.0534
25.436378,38.82941,13.044396
25.436378,38.82941,13.035865
25.436378,38.82941,13.027782
25.436378,38.82941,13.020124
25.436378,38.82941,13.012869
25.436378,38.82941,13.005995
25.436378,38.82941,12.999482
25.436378,38.82941,12.993312
25.436378,38.82941,12.987465
25.436378,38.82941,12.981926
25.436378,38.82941,12.976678
25.436378,38.82941,12.971705
25.436378,38.82941,12.966994
25.436378,38.82941,12.962531
25.436378,38.82941,12.9583025
25.436378,38.82941,12.954296
25.436378,38.82941,12.9505
25.436378,38.82941,12.946903
25.436378,38.82941,12.943496
25.436378,38.82941,12.940267
25.436378,38.82941,12.937208
25.436378,38.82941,12.93431
25.436378,38.82941,12.931564
25.436378,38.82941,12.928963
25.436378,38.82941,12.926498
25.436378,38.82941,12.924163
25.436378,38.82941,12.92195
25.436378,38.82941,12.919854
25.436378,38.82941,12.917868
25.436378,38.82941,12.915986
25.436378,38.82941,12.914204
25.436378,38.82941,12.912514
25.436378,38.82941,12.910913
25.436378,38.82941,12.909397
25.436378,38.82941,12.907961
25.436378,38.82941,12.9066
25.436378,38.82941,12.90531
25.436378,38.82941,12.904088
25.436378,38.82941,12.90293
25.436378,38.82941,12.901834
25.436378,38.82941,12.900795
25.436378,38.82941,12.89981
25.436378,38.82941,12.898877
25.436378,38.82941,12.897994
25.436378,38.82941,12.897157
25.436378,38.82941,12.896363
25.436378,38.82941,12.895612
25.436378,38.82941,12.894899
25.436378,38.82941,12.894224
25.436378,38.82941,12.893585
25.436378,38.82941,12.89298
25.436378,38.82941,12.8924055
25.436378,38.82941,12.891862
25.436378,38.82941,12.891347
25.436378,38.82941,12.890859
25.436378,38.82941,12.890396
25.436378,38.82941,12.889958
25.436378,38.82941,12.889544
25.436378,38.82941,12.88915
25.436378,38.82941,12.888778
25.436378,38.82941,12.888425
25.436378,38.82941,12.88809
25.436378,38.82941,12.8877735
25.436378,38.82941,12.887473
25.436378,38.82941,12.887189
25.436378,38.82941,12.886919
25.436378,38.82941,12.886663
25.436378,38.82941,12.886422
25.436378,38.82941,12.886192
25.436378,38.82941,12.885975
25.436378,38.82941,12.88577
25.436378,38.82941,12.885574
25.436378,38.82941,12.88539
25.436378,38.82941,12.885215
25.436378,38.82941,12.885049
25.436378,38.82941,12.884892
25.436378,38.82941,12.884744
25.436378,38.82941,12.884603
25.436378,38.82941,12.884469
25.436378,38.82941,12.884342
25.436378,38.82941,12.884222
25.436378,38.82941,12.884109
25.436378,38.82941,12.884001
25.436378,38.82941,12.883899
25.436378,38.82941,12.883802
25.436378,38.82941,12.883711
25.436378,38.82941,12.883624
25.436378,38.82941,12.883542
25.436378,38.82941,12.883464
25.436378,38.82941,12.88339
25.436378,38.82941,12.88332
25.436378,38.82941,12.883254
25.436378,38.82941,12.883191
25.436378,38.82941,12.883132
25.436378,38.82941,12.883076
25.436378,38.82941,12.883022
25.436378,38.82941,12.882972
25.436378,38.82941,12.882924
25.436378,38.82941,12.882878
25.436378,38.82941,12.882835
25.436378,38.82941,12.882794
25.436378,38.82941,12.882756
25.436378,38.82941,12.882719
25.436378,38.82941,12.882685
25.436378,38.82941,12.882652
25.436378,38.82941,12.882621
25.436378,38.82941,12.882591
25.436378,38.82941,12.882564
25.436378,38.82941,12.882537
25.436378,38.82941,12.882512
25.436378,38.82941,12.882488
25.436378,38.82941,12.882465
25.436378,38.82941,12.882444
25.436378,38.82941,12.882424
25.436378,38.82941,12.882405
25.436378,38.82941,12.882387
25.436378,38.82941,12.88237
25.436378,38.82941,12.882354
25.436378,38.82941,12.882338
25.436378,38.82941,12.882323
25.436378,38.82941,12.88231
25.436378,38.82941,12.882297
25.436378,38.82941,12.882284
25.436378,38.82941,12.882273
25.436378,38.82941,12.882261
25.436378,38.82941,12.882251
25.436378,38.82941,12.88224
25.436378,38.82941,12.882231
25.436378,38.82941,12.882222
25.436378,38.82941,12.882214
25.436378,38.82941,12.882205
25.436378,38.82941,12.882197
25.436378,38.82941,12.882191
25.436378,38.82941,12.882184
25.436378,38.82941,12.882177
25.436378,38.82941,12.882171
25.436378,38.82941,12.882165
25.436378,38.82941,12.88216
25.436378,38.82941,12.882154
25.436378,38.82941,12.88215
25.436378,38.82941,12.882145
25.436378,38.82941,12.88214
25.436378,38.82941,12.882136
25.436378,38.82941,12.882133
25.436378,38.82941,12.882129
25.436378,38.82941,12.882125
25.436378,38.82941,12.882121
25.436378,38.82941,12.882118
25.436378,38.82941,12.882115
25.436378,38.82941,12.8821125
25.436378,38.82941,12.88211
25.436378,38.82941,12.882107
25.436378,38.82941,12.882105
25.436378,38.82941,12.882102
25.436378,38.82941,12.8821
25.436378,38.82941,12.882098
25.436378,38.82941,12.882095
25.436378,38.82941,12.882094
25.436378,38.82941,12.882092
25.436378,38.82941,12.882091
25.436378,38.82941,12.882089
25.436378,38.82941,12.882088
25.436378,38.82941,12.882086
25.436378,38.82941,12.882085
25.436378,38.82941,12.882083
25.436378,38.82941,12.882082
25.436378,38.82941,12.882081
25.436378,38.82941,12.88208
25.436378,38.82941,12.882079
25.436378,38.82941,12.882078
25.436378,38.82941,12.882077
25.436378,38.82941,12.882076
25.436378,38.82941,12.882075
25.436378,38.82941,12.882074
25.436378,38.82941,12.882073
25.436378,38.82941,12.882072
25.436378,38.82941,12.882072
25.436378,38.82941,12.8820715
25.436378,38.82941,12.882071
25.436378,38.82941,12.882071
25.436378,38.82941,12.88207
25.436378,38.82941,12.88207
25.436378,38.82941,12.882069
25.436378,38.82941,12.882069
25.436378,38.82941,12.882068
25.436378,38.82941,12.882068
25.436378,38.82941,12.882067
25.436378,38.82941,12.882067
25.436378,38.82941,12.882067
25.436378,38.82941,12.882066
25.436378,38.82941,12.882066
25.436378,38.82941,12.882066
25.436378,38.82941,12.882065
25.436378,38.82941,12.882065
25.436378,38.82941,12.882065
25.436378,38.82941,12.882065
25.436378,38.82941,12.882064
25.436378,38.82941,12.882064
25.436378,38.82941,12.882064
25.436378,38.82941,12.882064
25.436378,38.82941,12.882063
25.436378,38.82941,12.882063
25.436378,38.82941,12.882063
25.436378,38.82941,12.882063
25.436378,38.82941,12.882063
25.436378,38.82941,12.882063
25.436378,38.82941,12.882063
25.436378,38.82941,12.882062
25.436378,38.82941,12.882062
25.436378,38.82941,12.882062
25.436378,38.82941,12.882062
25.436378,38.82941,12.882062
25.436378,38.82941,12.882062
25.436378,38.82941,12.882062
25.436378,38.82941,12.882062
25.436378,38.82941,12.882062
25.436378,38.82941,12.882061
25.436378,38.82941,12.882061
25.436378,38.82941,12.882061
25.436378,38.82941,12.882061
25.436378,38.82941,12.882061
25.436378,38.82941,12.882061
25.436378,38.82941,12.882061
25.436378,38.82941,12.882061
25.436378,38.82941,12.882061
25.436378,38.82941,12.882061
25.436378,38.82941,12.882061
25.436378,38.82941,12.882061
25.436378,38.82941,12.882061
25.436378,38.82941,12.882061
25.436378,38.82941,12.882061
25.436378,38.82941,12.882061
25.436378,38.82941,12.882061
25.436378,38.82941,12.882061
25.436378,38.82941,12.882061
25.436378,38.82941,12.882061
25.436378,38.82941,12.88206
25.436378,38.82941,12.88206
25.436378,38.82941,12.88206
25.436378,38.82941,12.88206
25.436378,38.82941,12.88206
25.436378,38.82941,12.88206
25.436378,38.82941,12.88206
25.436378,38.82941,12.88206
25.436378,38.82941,12.88206
25.436378,38.82941,12.88206
25.436378,38.82941,12.88206
25.436378,38.82941,12.88206
25.436378,38.82941,12.88206
25.436378,38.82941,12.88206
25.436378,38.82941,12.88206
25.436378,38.82941,12.88206
25.436378,38.82941,12.88206
25.436378,38.82941,12.88206
25.436378,38.82941,12.88206
25.436378,38.82941,12.88206
25.436378,38.82941,12.88206
25.436378,38.82941,12.88206
25.436378,38.82941,12.88206
25.436378,38.82941,12.88206
25.436378,38.82941,12.88206
25.436378,38.82941,12.88206
25.436378,38.82941,12.88206
25.436378,38.82941,12.88206
25.436378,38.82941,12.88206
25.436378,38.82941,12.88206
25.436378,38.82941,12.88206
25.436378,38.82941,12.88206
25.436378,38.82941,12.88206
25.436378,38.82941,12.88206
31.547909,38.82941,12.88206
31.01164,38.82941,12.88206
36.313675,38.82941,12.88206
89.785614,38.82941,12.88206
179.54358,38.82941,12.88206
166.02115,38.82941,12.88206
187.87302,38.82941,12.88206
173.61972,38.82941,12.88206
185.25806,38.82941,12.88206
171.23422,38.82941,12.88206
158.44095,38.82941,12.88206
146.77022,38.82941,12.88206
136.12357,38.82941,12.88206
126.41112,38.82941,12.88206
117.55091,38.82941,12.88206
109.468155,38.82941,12.88206
102.094635,38.82941,12.88206
95.36812,38.82941,12.88206
128.29567,38.82941,12.88206
119.270096,38.82941,12.88206
111.03648,38.82941,12.88206
103.525345,38.82941,12.88206
96.67329,38.82941,12.88206
90.42248,38.82941,12.88206
84.72015,38.82941,12.88206
192.49716,38.82941,12.88206
177.83813,38.82941,12.88206
164.46536,38.82941,12.88206
152.266,38.82941,12.88206
141.13712,38.82941,12.88206
130.98474,38.82941,12.88206
121.72322,38.82941,12.88206
113.27436,38.82941,12.88206
105.56686,38.82941,12.88206
98.53566,38.82941,12.88206
92.12143,38.82941,12.88206
86.270035,38.82941,12.88206
80.93207,38.82941,12.88206
76.0625,38.82941,12.88206
71.620224,38.82941,12.88206
67.56773,38.82941,12.88206
63.870846,38.82941,12.88206
60.498344,38.82941,12.88206
57.42177,38.82941,12.88206
54.615154,38.82941,12.88206
52.05481,38.82941,12.88206
49.719128,38.82941,12.88206
47.588394,38.82941,12.88206
45.644627,38.82941,12.88206
43.871418,38.82941,12.88206
42.2538,38.82941,12.88206
40.778126,38.82941,12.88206
39.43194,38.82941,12.88206
38.203873,38.82941,12.88206
37.083565,38.82941,12.88206
36.06156,38.82941,12.88206
35.129234,38.82941,12.88206
34.278717,38.82941,12.88206
33.50283,38.82941,12.88206
32.795025,38.82941,12.88206
32.14933,38.82941,12.88206
31.560287,38.82941,12.88206
31.022934,38.82941,12.88206
30.532732,38.82941,12.88206
30.085545,38.82941,12.88206
29.677593,38.82941,12.88206
29.30544,38.82941,12.88206
28.965942,38.82941,12.88206
28.656235,38.82941,12.88206
28.373703,38.82941,12.88206
28.115963,38.82941,12.88206
27.880836,38.82941,12.88206
27.666344,38.82941,12.88206
27.470673,38.82941,12.88206
27.29217,38.82941,12.88206
27.12933,38.82941,12.88206
26.980778,38.82941,12.88206
26.845263,38.82941,12.88206
26.721638,38.82941,12.88206
26.60886,38.82941,12.88206
26.505978,38.82941,12.88206
34.231,38.82941,12.88206
33.459297,38.82941,12.88206
32.755314,38.82941,12.88206
32.113102,38.82941,12.88206
31.52724,38.82941,12.88206
30.992786,38.82941,12.88206
30.50523,38.82941,12.88206
30.060453,38.82941,12.88206
29.654705,38.82941,12.88206
29.284561,38.82941,12.88206
28.946896,38.82941,12.88206
28.638859,38.82941,12.88206
28.357851,38.82941,12.88206
28.101501,38.82941,12.88206
27.867645,38.82941,12.88206
27.65431,38.82941,12.88206
27.459694,38.82941,12.88206
27.282154,38.82941,12.88206
27.120193,38.82941,12.88206
26.972443,38.82941,12.88206
26.837658,38.82941,12.88206
26.7147,38.82941,12.88206
26.602531,38.82941,12.88206
26.500206,38.82941,12.88206
26.406858,38.82941,12.88206
26.321701,38.82941,12.88206
26.244019,38.82941,12.88206
26.17315,38.82941,12.88206
26.108501,38.82941,12.88206
26.049524,38.82941,12.88206
25.995722,38.82941,12.88206
25.946642,38.82941,12.88206
25.901867,38.82941,12.88206
25.861023,38.82941,12.88206
25.823761,38.82941,12.88206
25.78977,38.82941,12.88206
25.75876,38.82941,12.88206
25.730473,38.82941,12.88206
25.704666,38.82941,12.88206
25.681126,38.82941,12.88206
25.659649,38.82941,12.88206
25.640059,38.82941,12.88206
25.622187,38.82941,12.88206
25.605883,38.82941,12.88206
25.59101,38.82941,12.88206
25.57744,38.82941,12.88206
25.565063,38.82941,12.88206
25.553772,38.82941,12.88206
25.54347,38.82941,12.88206
25.534073,38.82941,12.88206
25.525501,38.82941,12.88206
25.517681,38.82941,12.88206
25.510546,38.82941,12.88206
25.504038,38.82941,12.88206
25.498102,38.82941,12.88206
25.492685,38.82941,12.88206
25.487745,38.82941,12.88206
25.483238,38.82941,12.88206
25.479126,38.82941,12.88206
25.475374,38.82941,12.88206
25.471952,38.82941,12.88206
25.468832,38.82941,12.88206
25.465984,38.82941,12.88206
25.463387,38.82941,12.88206
25.461016,38.82941,12.88206
25.458855,38.82941,12.88206
25.456882,38.82941,12.88206
25.455084,38.82941,12.88206
25.453442,38.82941,12.88206
25.451944,38.82941,12.88206
25.450579,38.82941,12.88206
25.449333,38.82941,12.88206
25.448196,38.82941,12.88206
25.447159,38.82941,12.88206
25.446213,38.82941,12.88206
25.44535,38.82941,12.88206
25.444563,38.82941,12.88206
25.443844,38.82941,12.88206
25.44319,38.82941,12.88206
25.442593,38.82941,12.88206
25.442047,38.82941,12.88206
25.44155,38.82941,12.88206
25.441095,38.82941,12.88206
25.440681,38.82941,12.88206
25.440304,38.82941,12.88206
25.43996,38.82941,12.88206
25.439646,38.82941,12.88206
25.43936,38.82941,12.88206
25.439096,38.82941,12.88206
25.438858,38.82941,12.88206
25.43864,38.82941,12.88206
25.438442,38.82941,12.88206
25.438261,38.82941,12.88206
25.438097,38.82941,12.88206
25.437946,38.82941,12.88206
25.437807,38.82941,12.88206
25.437683,38.82941,12.88206
25.437569,38.82941,12.88206
25.437464,38.82941,12.88206
25.437368,38.82941,12.88206
25.437283,38.82941,12.88206
25.437202,38.82941,12.88206
25.43713,38.82941,12.88206
25.437063,38.82941,12.88206
25.437004,38.82941,12.88206
25.436949,38.82941,12.88206
25.4369,38.82941,12.88206
25.436853,38.82941,12.88206
25.436811,38.82941,12.88206
25.436773,38.82941,12.88206
25.436739,38.82941,12.88206
25.436707,38.82941,12.88206
25.436678,38.82941,12.88206
25.436651,38.82941,12.88206
25.436628,38.82941,12.88206
25.436605,38.82941,12.88206
25.436586,38.82941,12.88206
25.436567,38.82941,12.88206
25.436552,38.82941,12.88206
25.436537,38.82941,12.88206
25.436522,38.82941,12.88206
25.43651,38.82941,12.88206
25.436499,38.82941,12.88206
25.436487,38.82941,12.88206
25.436478,38.82941,12.88206
25.43647,38.82941,12.88206
25.43646,38.82941,12.88206
25.436455,38.82941,12.88206
25.436447,38.82941,12.88206
25.436441,38.82941,12.88206
25.436436,38.82941,12.88206
25.43643,38.82941,12.88206
25.436426,38.82941,12.88206
25.436422,38.82941,12.88206
25.436419,38.82941,12.88206
25.436415,38.82941,12.88206
25.43641,38.82941,12.88206
25.436409,38.82941,12.88206
25.436405,38.82941,12.88206
25.436403,38.82941,12.88206
25.436401,38.82941,12.88206
25.4364,38.82941,12.88206
25.436398,38.82941,12.88206
25.436396,38.82941,12.88206
25.436394,38.82941,12.88206
25.436394,38.82941,12.88206
25.436392,38.82941,12.88206
25.43639,38.82941,12.88206
25.43639,38.82941,12.88206
25.436388,38.82941,12.88206
25.436388,38.82941,12.88206
25.436386,38.82941,12.88206
25.436386,38.82941,12.88206
25.436386,38.82941,12.88206
25.436384,38.82941,12.88206
25.436384,38.82941,12.88206
25.436384,38.82941,12.88206
25.436384,38.82941,12.88206
