Cell 1,Cell 6
18.020926,23.262918
18.020926,23.262918
18.020926,23.262918
18.020926,23.262918
18.020926,23.262918
18.020926,23.262918
18.020926,23.262918
18.020926,23.262918
18.020926,40.74614
18.020926,39.895298
18.020926,39.085865
18.020926,38.315823
18.020926,37.583256
18.020926,36.88634
18.020926,36.223343
18.020926,35.59261
18.020926,34.99257
18.020926,34.421734
18.020926,33.878677
18.020926,33.36205
18.020926,32.870564
18.020926,32.402996
18.020926,31.958185
18.020926,31.535019
18.020926,31.132448
18.020926,30.74947
18.020926,30.385128
18.020926,30.038517
35.36905,29.708776
33.846806,29.39508
32.458134,29.096653
31.191315,28.812748
30.035656,28.54266
28.981401,28.285713
28.019655,28.041275
27.1423,27.808731
26.341927,27.587503
25.611786,27.377043
24.945713,52.260643
24.338085,50.849434
23.783775,49.506905
23.278103,48.229713
22.816803,47.01468
22.39598,45.858772
22.012083,44.759117
21.661871,43.712982
21.34239,42.717754
21.050941,41.770966
20.785069,40.870247
20.542522,40.013367
20.32126,48.70213
20.119413,47.464104
19.935278,46.286324
19.7673,45.165863
19.614061,66.47967
19.474268,64.37647
19.346743,62.37564
19.230406,60.472176
19.124279,58.661346
19.027462,56.938637
18.939142,55.299774
18.858572,53.74066
18.78507,52.25743
18.71802,50.84638
18.656853,49.503998
18.601051,48.226944
18.550148,47.012043
18.50371,45.856266
18.461348,44.756737
18.4227,43.710716
18.387447,42.7156
18.355286,41.768913
18.325947,40.868298
18.299183,40.011513
18.274765,39.196423
18.252493,38.421
18.232174,37.683315
18.213636,36.98153
18.196728,36.3139
18.181301,35.678757
18.167229,35.074528
18.15439,41.263496
18.14268,40.387474
18.131996,52.612976
18.12225,51.184624
18.11336,49.825783
18.105247,48.53307
18.097849,47.30327
18.091099,46.13332
18.084942,45.020306
18.079325,43.961456
18.0742,42.95414
18.069525,41.995842
18.065262,66.20055
18.06137,64.11094
18.057821,62.123024
18.054585,60.231857
18.05163,58.432724
18.048937,56.721146
18.046478,55.09286
18.044237,53.543823
18.04219,52.070168
18.040325,50.66823
18.038622,49.33452
18.03707,48.065716
18.035654,46.858658
18.03436,45.710346
18.033182,44.617916
18.032106,43.57865
18.031126,42.589966
18.03023,41.64939
18.029413,40.754593
18.02867,39.903343
18.02799,39.093517
18.02737,38.323105
18.026804,37.590183
18.026289,36.89293
18.025818,36.22961
18.025389,35.59857
18.024998,34.998245
18.02464,34.42713
18.024313,33.883812
18.024017,33.366936
18.023745,32.87521
18.023499,32.407417
18.023272,31.96239
18.023066,35.527794
18.022879,34.93091
18.022707,34.363075
18.02255,33.822872
18.022408,33.30896
18.022278,32.820057
18.02216,32.35495
18.02205,31.912476
18.021952,31.491535
18.021862,31.09108
18.02178,30.710114
18.021706,30.347687
18.021637,30.0029
18.021574,29.67489
18.021517,29.362844
18.021465,29.065985
18.021418,28.783573
18.021376,28.514904
18.021336,28.25931
18.0213,28.016155
18.021267,27.784834
18.021236,27.56477
18.02121,27.355415
18.021185,27.15625
18.021162,26.966776
18.021141,26.786524
18.021122,26.615044
18.021105,26.451908
18.02109,26.296713
18.021074,26.149069
18.02106,26.008612
18.02105,25.874989
18.021038,25.74787
18.021029,25.626938
18.021019,25.51189
18.021011,25.402441
18.021004,25.298319
18.020998,25.199265
18.02099,25.10503
18.020985,25.01538
18.020979,24.930096
18.020975,24.84896
18.020971,24.771774
18.020967,24.698343
18.020964,24.628487
18.02096,24.56203
18.020956,24.498808
18.020954,24.438662
18.020952,24.381443
18.020948,24.32701
18.020947,87.19313
18.020945,84.081894
18.020943,110.228615
18.020943,105.99633
18.02094,101.97002
18.020939,98.13965
18.020939,94.49569
18.020937,91.02907
18.020935,87.731155
18.020935,84.593735
18.020935,81.609
18.020933,78.76952
18.020933,76.06824
18.020931,73.498405
18.020931,71.05364
18.020931,68.72785
18.020931,66.51525
18.02093,64.410324
18.02093,62.407845
18.02093,60.502808
18.02093,58.69049
18.02093,56.96637
18.02093,61.65178
18.020927,59.783546
18.020927,58.006226
18.020927,56.315407
18.020927,54.70687
18.020927,53.176613
18.020927,51.720833
18.020927,50.335896
18.020927,49.018356
18.020927,47.76494
18.020927,46.57252
18.020927,45.438133
18.020927,44.35895
18.020926,43.33229
18.020926,42.35559
18.020926,41.426422
18.020926,40.542477
18.020926,39.701546
18.020926,38.901543
18.020926,38.140472
18.020926,37.41644
18.020926,36.727642
18.020926,36.072365
18.020926,35.448982
18.020926,34.855934
18.020926,34.291744
18.020926,33.755016
18.020926,33.244408
18.020926,32.758644
18.020926,32.296524
18.020926,31.856895
18.020926,31.43866
18.020926,31.040777
18.020926,30.662258
18.020926,30.302162
18.020926,29.959589
18.020926,29.633688
18.020926,29.323647
18.020926,29.028694
18.020926,28.748096
18.020926,28.481155
18.020926,28.227203
18.020926,27.985611
18.020926,27.755775
18.020926,27.537127
18.020926,27.329117
18.020926,27.131231
18.020926,26.942974
18.020926,26.763882
18.020926,26.593502
18.020926,26.431416
18.020926,26.277218
18.020926,26.130524
18.020926,25.990969
18.020926,25.858204
18.020926,25.731903
18.020926,25.611746
18.020926,25.497438
18.020926,25.388693
18.020926,25.28524
18.020926,25.186821
18.020926,25.093193
18.020926,36.802147
18.020926,36.143246
18.020926,35.51641
18.020926,34.920082
18.020926,61.49128
18.020926,59.63085
18.020926,57.86097
18.020926,56.177216
18.020926,54.5754
18.020926,53.051544
18.020926,51.60185
18.020926,50.222702
18.020926,48.910675
18.020926,47.6625
18.020926,46.475063
18.020926,45.34542
18.020926,44.270752
18.020926,43.248383
18.020926,42.275764
18.020926,41.350487
18.020926,40.470234
18.020926,39.63282
18.020926,38.83616
18.020926,38.07827
18.020926,37.357265
18.020926,36.67135
18.020926,36.018814
18.020926,35.398033
18.020926,34.807465
18.020926,55.14147
18.020926,53.59007
18.020926,52.114166
18.020926,50.710087
18.020926,49.37434
18.020926,48.1036
18.020926,46.8947
18.020926,45.744633
18.020926,44.650536
18.020926,43.609684
18.020926,42.619484
18.020926,41.677475
18.020926,40.78131
18.020926,39.928757
18.020926,39.1177
18.020926,41.838844
18.020926,40.934822
18.020926,40.0748
18.020926,39.25663
18.020926,38.47828
18.020926,37.73781
18.020926,37.03337
18.020926,36.363216
18.020926,35.725677
18.020926,35.119164
18.020926,34.542164
18.020926,33.993248
18.020926,33.471043
18.020926,32.974255
18.020926,32.50164
18.020926,32.05203
18.020926,31.624296
18.020926,31.21738
18.020926,30.830269
18.020926,30.461994
18.020926,35.22765
18.020926,34.64537
18.020926,34.09143
18.020926,33.56445
18.020926,33.063114
18.020926,32.586178
18.020926,32.13245
18.020926,31.700806
18.020926,31.290167
18.020926,30.899511
18.020926,30.527868
18.020926,30.17431
18.020926,29.837961
18.020926,29.517979
18.020926,29.21357
18.020926,28.923975
18.020926,28.648472
18.020926,28.38638
18.020926,28.13704
18.020926,27.899836
18.020926,27.674175
18.020926,27.459496
18.020926,27.255264
18.020926,27.060972
18.020926,26.876137
18.020926,26.700294
18.020926,26.53301
18.020926,26.373867
18.020926,26.22247
18.020926,26.07844
18.020926,25.94142
18.020926,25.811068
18.020926,25.68706
18.020926,25.569086
18.020926,25.456854
18.020926,25.350082
18.020926,25.248508
18.020926,25.151878
18.020926,25.05995
18.020926,24.972494
18.020926,24.889296
18.020926,24.810146
18.020926,24.73485
18.020926,24.663216
18.020926,24.59507
18.020926,24.53024
18.020926,24.468563
18.020926,24.40989
18.020926,24.35407
18.020926,24.300968
18.020926,24.25045
18.020926,24.20239
18.020926,24.15667
18.020926,24.113174
18.020926,24.071796
18.020926,24.03243
18.020926,23.994982
18.020926,23.959356
18.020926,23.925463
18.020926,23.893219
18.020926,23.862545
18.020926,23.833363
18.020926,23.805603
18.020926,23.779192
18.020926,23.754066
18.020926,63.83149
18.020926,89.20185
18.020926,85.99286
18.020926,82.94004
18.020926,80.03578
18.020926,77.272865
18.020926,74.64441
18.020926,72.143875
18.020926,69.76503
18.020926,67.50195
18.020926,65.34901
18.020926,63.300842
18.020926,61.35235
18.020926,59.498688
18.020926,57.73523
18.020926,56.057594
18.020926,54.46161
18.020926,52.94329
18.020926,51.49886
18.020926,50.124725
18.020926,48.817467
18.020926,47.573822
18.020926,46.39071
18.020926,45.265167
18.020926,44.194405
18.020926,43.17575
18.020926,42.20667
18.020926,41.28475
18.020926,40.4077
18.020926,39.573326
18.020926,38.779564
18.020926,38.02443
18.020926,37.306046
18.020926,36.62262
18.020926,35.972454
18.020926,35.35393
18.020926,34.76551
18.020926,34.205723
18.020926,33.67318
18.020926,33.16655
18.020926,32.684578
18.020926,32.226063
18.020926,31.789862
18.020926,31.37489
18.020926,30.98011
18.020926,30.604544
18.020926,30.247255
18.020926,29.907356
18.020926,29.583996
18.020926,29.276375
18.020926,28.983723
18.020926,28.705313
18.020926,28.440453
18.020926,28.188482
18.020926,27.948774
18.020926,27.720732
18.020926,27.503788
18.020926,27.297401
18.020926,27.101059
18.020926,26.91427
18.020926,26.736574
18.020926,26.567524
18.020926,26.406702
18.020926,26.253706
18.020926,26.108156
18.020926,25.969688
18.020926,25.837961
18.020926,25.712645
18.020926,25.593426
18.020926,25.48001
18.020926,25.372112
18.020926,25.269464
18.020926,25.171814
18.020926,25.078917
18.020926,24.990538
18.020926,24.906462
18.020926,24.826477
18.020926,24.750385
18.020926,24.677996
18.020926,24.609129
18.020926,24.543613
18.020926,24.481287
18.020926,24.421995
18.020926,24.365587
18.020926,43.51667
18.020926,46.964054
18.020926,45.81061
18.020926,44.713303
18.020926,43.669395
18.020926,42.676292
18.020926,41.731518
18.020926,40.832726
18.020926,39.97767
18.020926,39.164227
18.020926,38.390373
18.020926,37.654175
18.020926,36.95381
18.020926,36.28753
18.020926,35.65367
18.020926,35.05066
18.020926,34.476997
18.020926,33.93125
18.020926,33.412064
18.020926,32.918144
18.020926,32.448265
18.020926,83.34786
18.020926,101.91398
18.020926,244.3838
18.020926,496.9377
18.020926,933.97424
18.020926,1142.7039
18.020926,1361.8489
18.020926,1310.5645
18.020926,1474.1399
18.020926,1613.9521
18.020926,1665.5042
18.020926,1585.5826
18.020926,1509.5507
18.020926,1567.4114
18.020926,1492.2637
18.020926,1420.7731
18.020926,1352.7617
18.020926,1288.0602
18.020926,1226.5074
18.020926,1167.9502
18.020926,1112.2427
18.020926,1059.2462
18.020926,1008.8289
18.020926,960.86523
18.020926,915.2358
18.020926,871.8269
18.020926,830.5306
18.020926,791.244
18.020926,753.8694
18.020926,718.3136
18.020926,684.48816
18.020926,652.3089
18.020926,621.6957
18.020926,592.57227
18.020926,564.8662
18.020926,538.5085
18.020926,513.4335
18.020926,489.57874
18.020926,466.88495
18.020926,445.2956
18.020926,424.7569
18.020926,405.21774
18.020926,386.6295
18.020926,368.94583
18.020926,352.12277
18.020926,336.11844
18.020926,320.89297
18.020926,306.40848
18.020926,292.62888
18.020926,279.51987
18.020926,267.04883
18.020926,255.18472
18.020926,243.898
18.020926,233.16054
18.020926,222.94563
18.020926,213.22784
18.020926,203.98299
18.020926,195.18805
18.020926,186.82112
18.020926,178.86137
18.020926,171.289
18.020926,164.08514
18.020926,157.23187
18.020926,150.71211
18.020926,144.50966
18.020926,138.60904
18.020926,132.99559
18.020926,127.65533
18.020926,122.57495
18.020926,117.74182
18.020926,113.1439
18.020926,108.76974
18.020926,104.60845
18.020926,100.64968
18.020926,96.88357
18.020926,93.300735
18.020926,89.892265
18.020926,86.64967
18.020926,83.56489
18.020926,80.630226
18.020926,77.83838
18.020926,75.1824
18.020926,72.655685
18.020926,70.25193
18.020926,67.96516
18.020926,65.78967
18.020926,63.720062
18.020926,61.751175
18.020926,59.878098
18.020926,58.096184
18.020926,56.400986
18.020926,54.788284
18.020926,53.254066
18.020926,51.79451
18.020926,50.40599
18.020926,49.085045
18.020926,47.82838
18.020926,46.632874
18.020926,45.495552
18.020926,44.413574
18.020926,43.384254
18.020926,42.40503
18.020926,41.473457
18.020926,40.58722
18.020926,39.74411
18.020926,38.942036
18.020926,38.178993
18.020926,37.453087
18.020926,36.76251
18.020926,36.105534
18.020926,35.480534
18.020926,34.885952
18.020926,34.320305
18.020926,33.78218
18.020926,35.976948
18.020926,35.358204
18.020926,34.769573
18.020926,34.20959
18.020926,33.676857
18.020926,33.17005
18.020926,32.687912
18.020926,32.229233
18.020926,31.792877
18.020926,31.377758
18.020926,30.98284
18.020926,30.607141
18.020926,30.249725
18.020926,29.909706
18.020926,29.586231
18.020926,29.278502
18.020926,28.985746
18.020926,28.707237
18.020926,28.442284
18.020926,28.190224
18.020926,32.41613
18.020926,31.97068
18.020926,31.546907
18.020926,31.143757
18.020926,30.760227
18.020926,30.395363
18.020926,30.048256
18.020926,29.718039
18.020926,29.403893
18.020926,29.105036
18.020926,28.820723
18.020926,28.550247
18.020926,28.292933
18.020926,28.048141
18.020926,27.815264
18.020926,27.59372
18.020926,27.382956
18.020926,27.18245
18.020926,26.991701
18.020926,26.810234
18.020926,26.6376
18.020926,26.473368
18.020926,26.317127
18.020926,26.168491
18.020926,26.027088
18.020926,25.892567
18.020926,25.764591
18.020926,25.642845
18.020926,25.527023
18.020926,25.416838
18.020926,61.2352
18.020926,59.387238
18.020926,57.629204
18.020926,55.956734
18.020926,54.36565
18.020926,52.852
18.020926,51.412018
18.020926,50.042107
18.020926,48.73887
18.020926,47.499054
18.020926,46.319572
18.020926,45.197495
18.020926,44.130028
18.020926,43.114502
18.020926,42.148407
18.020926,41.229324
18.020926,40.354965
18.020926,39.523163
18.020926,38.731842
18.020926,37.979027
18.020926,37.26285
18.020926,36.581528
18.020926,35.933365
18.020926,35.316742
18.020926,34.730133
18.020926,34.172066
18.020926,33.64116
18.020926,33.136093
18.020926,32.6556
18.020926,32.198498
18.020926,31.763638
18.020926,31.349941
18.020926,30.956377
18.020926,30.581966
18.020926,30.225777
18.020926,29.88692
18.020926,29.564556
18.020926,29.257881
18.020926,28.96613
18.020926,28.688576
18.020926,28.42453
18.020926,28.173334
18.020926,27.934364
18.020926,27.707024
18.020926,27.490746
18.020926,27.284994
18.020926,27.089254
18.020926,26.903042
18.020926,26.725891
18.020926,26.557362
18.020926,26.397034
18.020926,26.244509
18.020926,26.099407
18.020926,25.961365
18.020926,25.830042
18.020926,25.70511
18.020926,25.586258
18.020926,25.47319
18.020926,25.365625
18.020926,25.263294
18.020926,25.165943
18.020926,25.073332
18.020926,24.985226
18.020926,24.901407
18.020926,24.821669
18.020926,24.74581
18.020926,24.673643
18.020926,24.60499
18.020926,24.539677
18.020926,24.477541
18.020926,24.41843
18.020926,24.362196
18.020926,24.308699
18.020926,24.257805
18.020926,24.209387
18.020926,24.163326
18.020926,24.119507
18.020926,24.07782
18.020926,24.038162
18.020926,24.000433
18.020926,23.964542
18.020926,23.930397
18.020926,23.897913
18.020926,23.86701
18.020926,23.837612
18.020926,23.809643
18.020926,23.783037
18.020926,23.757725
18.020926,23.733644
18.020926,23.710735
18.020926,23.688942
18.020926,23.66821
18.020926,23.648485
18.020926,23.62972
18.020926,23.61187
18.020926,23.594889
18.020926,23.578732
18.020926,23.563362
18.020926,23.548742
18.020926,23.534832
18.020926,23.521599
18.020926,23.50901
18.020926,23.497034
18.020926,23.48564
18.020926,23.4748
18.020926,23.464489
18.020926,23.45468
18.020926,23.445347
18.020926,23.43647
18.020926,23.428024
18.020926,23.419989
18.020926,23.412344
18.020926,23.405073
18.020926,23.398155
18.020926,23.391573
18.020926,23.385311
18.020926,23.379354
18.020926,23.37369
18.020926,23.368298
18.020926,23.36317
18.020926,23.358292
18.020926,23.35365
18.020926,23.349234
18.020926,23.345034
18.020926,23.341038
18.020926,23.337234
18.020926,23.333618
18.020926,23.330177
18.020926,23.326904
18.020926,23.323792
18.020926,23.320827
18.020926,23.31801
18.020926,23.315329
18.020926,23.312778
18.020926,23.310352
18.020926,23.308043
18.020926,23.305847
18.020926,23.303759
18.020926,23.301771
18.020926,23.29988
18.020926,23.29808
18.020926,23.29637
18.020926,23.294743
18.020926,23.293194
18.020926,23.29172
18.020926,23.290318
18.020926,23.288984
18.020926,23.287716
18.020926,23.286509
18.020926,23.285362
18.020926,23.28427
18.020926,23.28323
18.020926,23.282242
18.020926,23.281301
18.020926,23.280407
18.020926,23.279556
18.020926,23.278746
18.020926,23.277975
18.020926,23.277243
18.020926,23.276546
18.020926,23.275883
18.020926,23.275251
18.020926,23.27465
18.020926,23.27408
18.020926,23.273537
18.020926,23.27302
18.020926,23.27253
18.020926,23.27206
18.020926,23.271616
18.020926,23.271193
18.020926,23.27079
18.020926,23.270407
18.020926,23.270042
18.020926,23.269695
18.020926,23.269365
18.020926,23.269053
18.020926,23.268753
18.020926,23.26847
18.020926,23.2682
18.020926,23.267942
18.020926,23.267698
18.020926,23.267466
18.020926,23.267244
18.020926,23.267035
18.020926,23.266834
18.020926,23.266644
18.020926,23.266462
18.020926,23.266289
18.020926,23.266125
18.020926,23.265968
18.020926,23.265821
18.020926,23.26568
18.020926,23.265545
18.020926,23.265417
18.020926,23.265295
18.020926,23.26518
18.020926,23.26507
18.020926,23.264965
18.020926,23.264866
18.020926,23.26477
18.020926,23.26468
18.020926,23.264595
18.020926,23.264513
18.020926,23.264435
18.020926,23.264362
18.020926,23.264292
18.020926,23.264225
18.020926,23.264162
18.020926,23.264101
18.020926,23.264044
18.020926,23.263988
18.020926,23.263937
18.020926,23.263887
18.020926,23.26384
18.020926,23.263796
18.020926,23.263752
18.020926,23.263712
18.020926,23.263674
18.020926,23.263636
18.020926,23.263601
18.020926,23.263569
18.020926,23.263536
18.020926,23.263506
18.020926,23.263477
18.020926,23.26345
18.020926,23.263424
18.020926,23.263401
18.020926,23.263376
18.020926,23.263355
18.020926,23.263332
18.020926,23.263313
18.020926,23.263294
18.020926,23.263275
18.020926,23.263258
18.020926,23.26324
18.020926,23.263226
18.020926,23.26321
18.020926,23.263197
18.020926,23.263184
18.020926,23.26317
18.020926,23.263159
18.020926,23.263145
18.020926,23.263136
18.020926,23.263124
18.020926,23.263115
18.020926,23.263105
18.020926,23.263096
18.020926,23.263088
18.020926,23.263079
18.020926,23.263071
18.020926,23.263063
18.020926,23.263058
18.020926,23.26305
18.020926,23.263044
18.020926,23.263037
18.020926,23.263031
18.020926,23.263027
18.020926,23.263021
18.020926,23.263016
18.020926,23.263012
18.020926,23.263006
18.020926,23.263002
18.020926,23.262999
18.020926,23.262995
18.020926,23.26299
18.020926,23.262987
18.020926,23.262983
18.020926,23.262981
18.020926,23.262978
18.020926,23.262976
18.020926,23.262972
18.020926,23.26297
18.020926,23.262966
18.020926,23.262964
18.020926,23.262962
18.020926,23.26296
18.020926,23.262959
18.020926,23.262957
18.020926,23.262955
18.020926,23.262953
18.020926,23.26295
18.020926,23.262949
18.020926,23.262947
18.020926,23.262947
18.020926,23.262945
18.020926,23.262943
18.020926,23.262943
18.020926,23.262941
18.020926,23.26294
18.020926,23.26294
18.020926,23.262938
18.020926,23.262938
18.020926,23.262936
18.020926,23.262936
18.020926,23.262934
18.020926,23.262934
18.020926,23.262934
18.020926,23.262932
18.020926,23.262932
18.020926,23.262932
18.020926,23.26293
18.020926,23.26293
18.020926,23.26293
18.020926,23.262928
18.020926,23.262928
18.020926,23.262928
18.020926,23.262928
18.020926,23.262926
18.020926,23.262926
18.020926,23.262926
18.020926,23.262926
18.020926,23.262926
18.020926,23.262924
18.020926,23.262924
18.020926,23.262924
18.020926,23.262924
18.020926,23.262924
18.020926,23.262924
18.020926,23.262924
18.020926,23.262922
18.020926,23.262922
18.020926,23.262922
18.020926,23.262922
18.020926,23.262922
18.020926,23.262922
18.020926,23.262922
18.020926,23.262922
18.020926,23.262922
18.020926,23.262922
18.020926,23.26292
18.020926,23.26292
18.020926,23.26292
18.020926,23.26292
18.020926,23.26292
18.020926,23.26292
18.020926,23.26292
18.020926,23.26292
18.020926,23.26292
18.020926,23.26292
18.020926,23.26292
18.020926,23.26292
18.020926,23.26292
18.020926,23.26292
18.020926,23.26292
18.020926,23.26292
18.020926,23.26292
18.020926,23.26292
18.020926,23.26292
18.020926,23.26292
18.020926,23.26292
18.020926,23.26292
18.020926,23.262918
18.020926,23.262918
18.020926,23.262918
18.020926,23.262918
18.020926,23.262918
18.020926,23.262918
18.020926,23.262918
18.020926,23.262918
18.020926,23.262918
18.020926,23.262918
18.020926,23.262918
18.020926,23.262918
18.020926,23.262918
18.020926,23.262918
18.020926,23.262918
18.020926,23.262918
18.020926,23.262918
18.020926,23.262918
18.020926,23.262918
18.020926,23.262918
18.020926,23.262918
18.020926,23.262918
18.020926,23.262918
18.020926,23.262918
18.020926,23.262918
18.020926,23.262918
18.020926,23.262918
18.020926,23.262918
18.020926,23.262918
18.020926,23.262918
18.020926,23.262918
18.020926,23.262918
18.020926,23.262918
18.020926,23.262918
18.020926,23.262918
18.020926,23.262918
18.020926,23.262918
18.020926,23.262918
18.020926,23.262918
18.020926,23.262918
18.020926,23.262918
18.020926,23.262918
18.020926,23.262918
18.020926,23.262918
18.020926,23.262918
18.020926,23.262918
18.020926,23.262918
18.020926,23.262918
18.020926,23.262918
18.020926,23.262918
18.020926,23.262918
18.020926,23.262918
18.020926,23.262918
18.020926,23.262918
18.020926,23.262918
18.020926,23.262918
18.020926,23.262918
18.020926,23.262918
18.020926,23.262918
18.020926,23.262918
18.020926,23.262918
18.020926,23.262918
18.020926,23.262918
18.020926,23.262918
18.020926,23.262918
18.020926,23.262918
18.020926,23.262918
18.020926,23.262918
18.020926,23.262918
18.020926,23.262918
18.020926,23.262918
18.020926,23.262918
18.020926,23.262918
18.020926,23.262918
18.020926,23.262918
18.020926,23.262918
18.020926,23.262918
18.020926,23.262918
18.020926,23.262918
18.020926,23.262918
18.020926,23.262918
18.020926,23.262918
18.020926,23.262918
18.020926,23.262918
18.020926,23.262918
18.020926,23.262918
18.020926,23.262918
18.020926,23.262918
18.020926,23.262918
18.020926,23.262918
18.020926,23.262918
18.020926,23.262918
18.020926,23.262918
18.020926,23.262918
18.020926,23.262918
18.020926,23.262918
18.020926,23.262918
18.020926,23.262918
18.020926,23.262918
18.020926,23.262918
18.020926,23.262918
18.020926,23.262918
18.020926,23.262918
18.020926,23.262918
18.020926,23.262918
18.020926,23.262918
18.020926,23.262918
18.020926,23.262918
18.020926,23.262918
18.020926,23.262918
18.020926,23.262918
18.020926,23.262918
18.020926,23.262918
18.020926,23.262918
18.020926,23.262918
18.020926,23.262918
18.020926,23.262918
18.020926,23.262918
18.020926,23.262918
18.020926,23.262918
18.020926,23.262918
18.020926,23.262918
18.020926,23.262918
18.020926,23.262918
18.020926,23.262918
18.020926,23.262918
18.020926,23.262918
18.020926,23.262918
18.020926,23.262918
18.020926,23.262918
18.020926,23.262918
18.020926,23.262918
18.020926,23.262918
18.020926,23.262918
18.020926,23.262918
18.020926,23.262918
18.020926,23.262918
18.020926,23.262918
18.020926,23.262918
18.020926,23.262918
18.020926,23.262918
18.020926,23.262918
18.020926,23.262918
18.020926,23.262918
18.020926,23.262918
18.020926,23.262918
18.020926,23.262918
18.020926,23.262918
18.020926,23.262918
18.020926,23.262918
18.020926,23.262918
18.020926,23.262918
18.020926,23.262918
18.020926,23.262918
18.020926,23.262918
18.020926,23.262918
18.020926,23.262918
18.020926,23.262918
18.020926,23.262918
18.020926,23.262918
18.020926,23.262918
18.020926,23.262918
18.020926,23.262918
18.020926,23.262918
18.020926,23.262918
18.020926,23.262918
18.020926,23.262918
18.020926,23.262918
18.020926,23.262918
18.020926,23.262918
18.020926,23.262918
18.020926,23.262918
18.020926,23.262918
18.020926,23.262918
18.020926,23.262918
18.020926,23.262918
18.020926,23.262918
18.020926,23.262918
18.020926,23.262918
18.020926,23.262918
18.020926,23.262918
18.020926,23.262918
18.020926,23.262918
18.020926,23.262918
18.020926,23.262918
18.020926,23.262918
18.020926,23.262918
18.020926,23.262918
18.020926,23.262918
18.020926,23.262918
18.020926,23.262918
18.020926,23.262918
18.020926,23.262918
18.020926,23.262918
18.020926,23.262918
18.020926,23.262918
18.020926,23.262918
18.020926,23.262918
18.020926,23.262918
18.020926,23.262918
18.020926,23.262918
18.020926,23.262918
18.020926,23.262918
18.020926,23.262918
18.020926,23.262918
18.020926,23.262918
18.020926,23.262918
18.020926,23.262918
18.020926,23.262918
18.020926,23.262918
18.020926,23.262918
18.020926,23.262918
18.020926,23.262918
18.020926,23.262918
18.020926,23.262918
18.020926,23.262918
18.020926,23.262918
18.020926,23.262918
18.020926,23.262918
18.020926,23.262918
18.020926,23.262918
18.020926,23.262918
18.020926,23.262918
18.020926,23.262918
18.020926,23.262918
18.020926,23.262918
18.020926,23.262918
18.020926,23.262918
18.020926,23.262918
18.020926,23.262918
18.020926,23.262918
18.020926,23.262918
18.020926,23.262918
18.020926,23.262918
18.020926,23.262918
18.020926,23.262918
18.020926,23.262918
18.020926,23.262918
18.020926,23.262918
18.020926,23.262918
18.020926,23.262918
18.020926,23.262918
18.020926,23.262918
18.020926,23.262918
18.020926,23.262918
18.020926,23.262918
18.020926,23.262918
18.020926,23.262918
18.020926,23.262918
18.020926,23.262918
18.020926,23.262918
18.020926,23.262918
18.020926,23.262918
18.020926,23.262918
18.020926,23.262918
18.020926,23.262918
18.020926,23.262918
18.020926,23.262918
18.020926,23.262918
18.020926,23.262918
18.020926,23.262918
18.020926,23.262918
18.020926,23.262918
18.020926,23.262918
18.020926,23.262918
18.020926,23.262918
18.020926,23.262918
18.020926,23.262918
18.020926,23.262918
18.020926,23.262918
18.020926,23.262918
18.020926,23.262918
18.020926,23.262918
18.020926,23.262918
18.020926,23.262918
18.020926,23.262918
18.020926,23.262918
18.020926,23.262918
18.020926,23.262918
18.020926,23.262918
18.020926,23.262918
18.020926,23.262918
18.020926,23.262918
18.020926,23.262918
18.020926,23.262918
18.020926,23.262918
18.020926,23.262918
18.020926,23.262918
18.020926,23.262918
18.020926,23.262918
18.020926,23.262918
18.020926,23.262918
18.020926,23.262918
18.020926,23.262918
18.020926,23.262918
18.020926,23.262918
18.020926,23.262918
18.020926,23.262918
18.020926,23.262918
18.020926,23.262918
18.020926,23.262918
18.020926,23.262918
18.020926,23.262918
18.020926,23.262918
18.020926,23.262918
18.020926,23.262918
18.020926,23.262918
18.020926,23.262918
18.020926,23.262918
18.020926,23.262918
18.020926,23.262918
18.020926,23.262918
18.020926,23.262918
18.020926,23.262918
18.020926,23.262918
18.020926,23.262918
18.020926,23.262918
18.020926,23.262918
18.020926,23.262918
18.020926,23.262918
18.020926,23.262918
18.020926,23.262918
18.020926,23.262918
18.020926,23.262918
18.020926,23.262918
18.020926,23.262918
18.020926,23.262918
18.020926,23.262918
18.020926,23.262918
18.020926,23.262918
18.020926,23.262918
18.020926,23.262918
18.020926,23.262918
18.020926,23.262918
18.020926,23.262918
18.020926,23.262918
18.020926,23.262918
18.020926,23.262918
18.020926,23.262918
18.020926,23.262918
18.020926,23.262918
18.020926,23.262918
18.020926,23.262918
18.020926,23.262918
18.020926,23.262918
18.020926,23.262918
18.020926,23.262918
18.020926,23.262918
18.020926,23.262918
18.020926,23.262918
18.020926,23.262918
18.020926,23.262918
18.020926,23.262918
18.020926,23.262918
18.020926,23.262918
18.020926,23.262918
18.020926,23.262918
18.020926,23.262918
18.020926,23.262918
18.020926,23.262918
18.020926,23.262918
18.020926,23.262918
18.020926,23.262918
18.020926,23.262918
18.020926,23.262918
18.020926,23.262918
18.020926,23.262918
18.020926,23.262918
18.020926,23.262918
18.020926,23.262918
18.020926,23.262918
18.020926,23.262918
18.020926,23.262918
18.020926,23.262918
18.020926,23.262918
18.020926,23.262918
18.020926,23.262918
18.020926,23.262918
18.020926,23.262918
18.020926,23.262918
18.020926,23.262918
18.020926,23.262918
18.020926,23.262918
18.020926,23.262918
18.020926,23.262918
18.020926,23.262918
18.020926,23.262918
18.020926,23.262918
18.020926,23.262918
18.020926,23.262918
18.020926,23.262918
18.020926,23.262918
18.020926,23.262918
18.020926,23.262918
18.020926,23.262918
18.020926,23.262918
18.020926,23.262918
18.020926,23.262918
18.020926,23.262918
18.020926,23.262918
18.020926,23.262918
18.020926,23.262918
18.020926,23.262918
18.020926,23.262918
18.020926,23.262918
18.020926,23.262918
18.020926,23.262918
18.020926,23.262918
18.020926,23.262918
18.020926,23.262918
18.020926,23.262918
18.020926,23.262918
18.020926,23.262918
18.020926,23.262918
18.020926,23.262918
18.020926,23.262918
18.020926,23.262918
18.020926,23.262918
18.020926,23.262918
18.020926,23.262918
18.020926,23.262918
18.020926,23.262918
18.020926,23.262918
18.020926,23.262918
18.020926,23.262918
18.020926,23.262918
18.020926,23.262918
18.020926,23.262918
18.020926,23.262918
18.020926,23.262918
18.020926,23.262918
18.020926,23.262918
18.020926,23.262918
18.020926,23.262918
18.020926,23.262918
18.020926,23.262918
18.020926,23.262918
18.020926,23.262918
18.020926,23.262918
18.020926,23.262918
18.020926,23.262918
18.020926,23.262918
18.020926,23.262918
18.020926,23.262918
18.020926,23.262918
18.020926,23.262918
18.020926,23.262918
18.020926,23.262918
18.020926,23.262918
18.020926,23.262918
18.020926,23.262918
18.020926,23.262918
18.020926,23.262918
18.020926,23.262918
18.020926,23.262918
18.020926,23.262918
18.020926,23.262918
18.020926,23.262918
18.020926,23.262918
18.020926,23.262918
18.020926,23.262918
18.020926,23.262918
18.020926,23.262918
18.020926,23.262918
18.020926,23.262918
18.020926,23.262918
18.020926,23.262918
18.020926,23.262918
18.020926,23.262918
18.020926,23.262918
18.020926,23.262918
18.020926,23.262918
18.020926,23.262918
18.020926,23.262918
18.020926,23.262918
18.020926,23.262918
18.020926,23.262918
18.020926,23.262918
18.020926,23.262918
18.020926,23.262918
18.020926,23.262918
18.020926,23.262918
18.020926,23.262918
18.020926,23.262918
18.020926,23.262918
18.020926,23.262918
18.020926,23.262918
18.020926,23.262918
18.020926,23.262918
18.020926,23.262918
18.020926,23.262918
18.020926,23.262918
18.020926,23.262918
18.020926,23.262918
18.020926,23.262918
18.020926,23.262918
18.020926,23.262918
18.020926,23.262918
18.020926,23.262918
18.020926,32.377586
18.020926,31.934013
22.24227,31.512024
21.87186,31.110573
21.533953,30.728657
21.225697,30.36533
56.466972,84.17638
53.09346,81.21195
50.015953,78.3918
47.208496,75.70889
160.19183,129.43475
147.7168,124.26778
206.99463,119.352264
190.4128,114.67597
175.28596,138.16386
162.5287,132.57208
149.8486,127.25242
150.78177,122.19165
198.84851,117.377174
246.74069,112.797
226.67126,108.43972
213.66605,104.294495
196.49881,226.5663
235.38754,271.18207
216.31432,362.68427
198.9147,346.16595
183.04185,431.62613
168.5618,411.7527
365.85757,392.8464
335.33603,421.17456
380.2429,401.80975
348.45908,383.38736
319.46417,442.00507
293.0135,421.6265
268.88376,445.2097
246.87135,532.55023
226.79047,507.7652
333.09836,484.18634
305.45132,509.36133
280.23022,485.7048
258.09174,463.19955
237.02629,486.72214
255.94844,616.69403
378.37277,587.814
346.75305,560.33954
317.90787,534.2021
291.59375,509.33667
546.71594,640.5009
500.32465,610.46234
458.00403,581.8856
451.77087,688.42957
413.7107,656.0585
411.6474,625.26276
377.10794,770.13654
352.4146,733.7891
323.07263,699.2106
381.40115,709.5744
349.51572,676.1743
453.58572,644.39966
415.3663,614.1713
380.50052,693.3862
348.6941,887.6718
319.6786,845.6044
293.2091,870.91766
269.06223,829.6656
294.82938,790.4211
383.64792,753.0865
354.51868,717.5688
324.99207,875.9649
366.10922,834.4672
335.56558,794.9891
325.1476,757.4321
298.19824,783.14374
414.25974,746.16327
379.49106,770.0093
393.7887,909.4062
360.81628,866.281
394.08414,825.2546
521.78,786.22473
477.5768,749.09436
437.25226,746.7973
400.46606,711.5857
366.9077,678.0877
420.41138,646.2199
385.1029,615.903
352.89264,587.0615
338.31992,559.62366
310.2147,533.52106
284.57562,742.2834
454.58633,747.39484
416.2791,712.1542
381.33322,678.62854
349.45374,646.73444
320.37158,616.3925
360.60526,587.5272
330.5446,560.06665
303.12164,533.9425
278.10498,623.7269
331.33096,594.5047
406.71365,579.0557
417.9588,552.00745
382.86554,622.32196
350.8516,604.3125
321.64676,576.0351
295.00458,549.1338
270.70013,666.656
248.52834,635.34454
228.30205,605.5569
209.85056,577.2189
398.9248,601.5862
365.5017,576.57794
335.01138,549.65027
307.19647,625.2678
281.82224,615.74286
282.65002,665.24146
369.89346,633.99884
382.35263,604.2767
350.3837,576.001
333.42523,549.1014
305.7495,523.51086
280.50226,626.59314
257.47037,680.3676
354.36685,648.38885
324.85358,617.96643
297.93,601.33673
370.5762,573.2041
339.6406,546.4406
375.51584,520.97955
401.51923,496.75763
367.86847,522.48737
337.17047,521.452
309.1661,614.1267
283.61905,668.4592
260.31366,637.06006
239.05324,661.3816
219.65836,630.32684
279.79022,600.7834
256.8208,599.8052
316.08112,571.74713
289.92728,588.3262
320.64624,560.8267
294.09183,534.6656
269.8675,509.7776
247.76875,486.1008
285.64658,589.0982
278.35196,561.5612
255.50873,535.3643
234.66994,510.4423
259.09494,539.8539
237.94147,663.39154
383.35327,632.23895
351.29654,602.6025
322.05267,574.40826
295.37485,547.5862
360.8222,522.0694
330.7425,497.7944
303.3022,474.7008
365.0339,452.73108
334.58463,431.83054
306.8072,525.3994
281.46713,500.96237
258.35056,477.7146
237.2624,455.5982
218.02467,434.55814
200.47499,414.542
230.11328,395.49997
211.50285,461.61044
194.52544,440.27777
194.44629,419.98328
354.32098,465.16452
324.81174,464.86948
297.8918,449.33008
273.33405,428.59503
250.93112,408.86908
287.6084,476.38177
263.95294,454.33023
242.3732,433.35187
222.68701,413.39444
204.72821,394.40826
383.55817,452.6066
351.48346,431.7121
322.2232,411.83447
318.8875,477.12173
292.48743,491.56326
331.9473,468.7729
304.40128,447.09164
279.2723,455.8887
256.34833,434.83447
235.43587,414.80487
216.3584,395.75003
198.95493,377.62253
214.61649,360.37723
197.36586,357.80997
241.42323,341.52887
269.7122,326.0401
247.62709,311.3051
227.47989,297.28723
209.10054,283.95154
197.62619,271.26483
181.86641,262.22617
167.48949,250.59677
154.3741,239.53331
146.55728,229.00827
181.13548,373.007
166.82271,355.9863
153.76582,339.79395
141.85464,324.38962
130.98863,309.73495
121.07609,295.79346
163.8435,282.53046
151.04803,269.91293
180.36671,257.90942
166.12138,246.4901
153.12604,295.58194
141.271,282.32922
283.23282,269.72147
259.9613,257.7273
246.88249,246.31682
226.80063,284.01157
208.48088,271.32196
191.76863,298.81866
176.52283,285.40845
162.61479,272.65085
149.92714,260.5141
138.3528,248.96802
127.79406,237.98383
118.16182,252.78664
304.6867,295.35806
279.5327,282.11624
256.58588,269.51886
235.65257,264.57968
309.92938,252.83572
284.31534,241.6633
333.0955,311.08704
305.4487,297.07974
280.22784,283.75415
257.22003,271.07706
236.23106,259.0169
217.08382,247.54369
209.93849,236.62881
193.09834,226.24512
219.4602,216.36678
201.78455,206.96915
222.39822,198.02888
204.46477,189.5237
193.52023,181.43243
213.50206,173.73494
196.34921,166.41205
180.70148,159.44553
166.42677,152.81805
153.40463,146.5131
141.52515,140.515
130.68805,134.80879
120.80188,129.38028
111.78318,124.215965
154.98312,119.30297
142.96513,114.629074
132.00168,110.18264
122.00023,105.95259
112.87638,101.928406
104.553116,98.10006
96.96019,94.45803
90.03352,90.99324
100.13591,87.69707
219.37117,84.56131
201.70332,81.578156
185.58578,78.74018
170.8825,76.04031
157.46939,73.47185
145.23323,71.02837
134.07076,68.70381
123.887764,66.49238
144.92407,64.38857
133.78873,62.387146
123.63048,60.483116
114.36358,58.67176
105.90982,56.948547
122.518074,55.309196
113.348785,53.749626
113.74513,52.26596
105.34564,50.854492
97.683174,49.51172
90.69307,48.23429
84.31632,47.01903
78.499115,45.862915
73.192345,44.76306
68.351234,43.71673
63.934906,42.72132
59.906105,41.77436
56.230812,40.87348
52.87802,40.01644
49.81942,39.20111
47.029205,38.42546
44.48382,37.68756
42.16179,36.98557
40.043503,36.31774
38.11109,35.68241
36.348244,35.078003
34.74008,34.50301
44.52575,33.955997
42.200035,33.435608
40.0784,32.940544
38.142925,32.46957
46.93558,32.02152
44.398415,31.595272
42.08387,31.189768
39.972427,30.803999
38.046253,30.437004
36.289093,30.087868
34.68612,29.755726
33.223804,29.439745
31.8898,29.139143
30.67285,28.85317
29.562683,28.581114
28.54993,28.322298
27.626045,28.076078
26.783226,27.841839
26.014362,27.619001
25.312963,27.407007
24.673111,27.205332
24.089403,27.01347
23.556913,26.830944
23.071148,26.657303
22.628008,26.492111
22.223751,26.334959
21.854967,26.185455
21.518541,26.043226
21.211637,25.907919
20.931662,25.779198
20.676254,25.65674
20.443258,25.540241
20.230705,25.429413
20.036804,25.323978
19.859919,25.223675
19.698551,25.128252
19.551346,25.037474
19.417057,24.951113
19.29455,24.868956
19.182795,24.790796
19.080843,24.71644
18.987839,24.645702
18.902996,24.578407
18.825596,24.514387
18.75499,24.453484
18.690578,24.395544
18.631819,24.340424
18.578215,24.287985
18.529314,24.238098
18.484705,24.190641
18.44401,24.145493
18.406885,24.102541
18.373018,24.06168
18.342123,24.022806
18.31394,23.985826
18.288229,23.950645
18.264772,23.917175
18.243376,23.885336
18.223858,23.855045
18.20605,23.82623
18.189806,23.798815
18.174988,23.772736
18.161469,23.747925
18.149137,23.724321
18.137886,23.701866
18.127625,23.680504
18.118261,23.660181
18.10972,23.640848
18.101929,23.622456
18.094822,23.60496
18.088337,23.588312
18.082422,23.572477
18.077026,23.557413
18.072104,23.543081
18.067612,23.529446
18.063517,23.516476
18.059778,23.504135
18.05637,23.492397
18.053259,23.481228
18.050423,23.470604
18.047834,23.460497
18.045473,23.450882
18.04332,23.441734
18.041353,23.433031
18.039562,23.424753
18.037926,23.416878
18.036434,23.409386
18.035074,23.402256
18.033833,23.395475
18.0327,23.389025
18.031666,23.382887
18.030724,23.377048
18.029863,23.371494
18.02908,23.36621
18.028364,23.361183
18.027712,23.356401
18.027117,23.351852
18.026573,23.347525
18.026077,23.343407
18.025625,23.339489
18.025213,23.335764
18.024837,23.332218
18.024494,23.328846
18.024181,23.325638
18.023895,23.322584
18.023634,23.319681
18.023397,23.31692
18.02318,23.314291
18.022982,23.31179
18.022802,23.309412
18.022636,23.30715
18.022488,23.304996
18.02235,23.30295
18.022224,23.301
18.02211,23.299149
18.022007,23.297384
18.021912,23.295708
18.021826,23.294111
18.021746,23.292593
18.021675,23.29115
18.021608,23.289776
18.02155,23.28847
18.021494,23.287226
18.021444,23.286041
18.021399,23.284916
18.021357,23.283846
18.021318,23.282827
18.021284,23.281858
18.021254,23.280937
18.021225,23.28006
18.021198,23.279226
18.021173,23.278433
18.021152,23.277678
18.021133,23.276958
18.021114,23.276276
18.021097,23.275625
18.021082,23.275007
18.021069,23.27442
18.021057,23.273859
18.021046,23.273327
18.021034,23.27282
18.021025,23.272339
18.021015,23.27188
18.021008,23.271444
18.021002,23.271029
18.020994,23.270634
18.020988,23.270258
18.020983,23.269901
18.020977,23.269562
18.020973,23.269238
18.02097,23.26893
18.020966,23.268639
18.020962,23.26836
18.020958,23.268095
18.020956,23.267843
18.020952,23.267603
18.02095,23.267376
18.020948,23.267159
18.020947,23.266953
18.020945,23.266756
18.020943,23.26657
18.02094,23.266392
18.02094,23.266222
18.020939,23.266062
18.020937,23.26591
18.020937,23.265762
18.020935,23.265625
18.020935,23.265493
18.020933,23.265368
18.020933,23.26525
18.020933,23.265135
18.020931,23.265028
18.020931,23.264925
18.020931,23.264828
18.020931,23.264734
18.02093,23.264647
18.02093,23.264563
18.02093,23.264482
18.02093,23.264406
18.02093,23.264334
18.020927,23.264265
18.020927,23.264198
18.020927,23.264137
18.020927,23.264078
18.020927,23.26402
18.020927,23.263968
18.020927,23.263916
18.020927,23.263868
18.020927,23.26382
18.020927,23.263777
18.020927,23.263735
18.020927,23.263697
18.020926,23.263659
18.020926,23.263622
18.020926,23.263588
18.020926,23.263556
18.020926,23.263525
18.020926,23.263494
18.020926,23.263466
18.020926,23.26344
18.020926,23.263414
18.020926,23.263391
18.020926,23.263367
18.020926,23.263346
18.020926,23.263325
18.020926,23.263306
18.020926,23.263287
18.020926,23.263268
18.020926,23.263252
18.020926,23.263235
18.020926,23.26322
18.020926,23.263205
18.020926,23.263191
18.020926,23.263178
18.020926,23.263165
18.020926,23.263153
18.020926,23.263142
18.020926,23.26313
18.020926,23.26312
18.020926,23.263111
18.020926,23.263102
18.020926,23.263092
18.020926,23.263084
18.020926,23.263077
18.020926,23.26307
18.020926,23.263062
18.020926,23.263054
18.020926,23.263048
18.020926,23.26304
18.020926,23.263035
18.020926,23.26303
18.020926,23.263023
18.020926,23.26302
18.020926,23.263014
18.020926,23.26301
18.020926,23.263004
18.020926,23.263
18.020926,23.262997
18.020926,23.262993
18.020926,23.262989
18.020926,23.262985
18.020926,23.262983
18.020926,23.26298
18.020926,23.262976
18.020926,23.262974
18.020926,23.262972
18.020926,23.262968
18.020926,23.262966
18.020926,23.262964
18.020926,23.262962
18.020926,23.262959
18.020926,23.262957
18.020926,23.262955
18.020926,23.262953
18.020926,23.262953
18.020926,23.26295
18.020926,23.262949
18.020926,23.262947
18.020926,23.262945
18.020926,23.262945
18.020926,23.262943
18.020926,23.262941
18.020926,23.262941
18.020926,23.26294
18.020926,23.26294
18.020926,23.262938
18.020926,23.262938
18.020926,23.262936
18.020926,23.262936
18.020926,23.262934
18.020926,23.262934
18.020926,23.262934
18.020926,23.262932
18.020926,23.262932
18.020926,23.26293
18.020926,23.26293
18.020926,23.26293
18.020926,23.26293
18.020926,23.262928
18.020926,23.262928
18.020926,23.262928
18.020926,23.262928
18.020926,23.262926
18.020926,23.262926
18.020926,23.262926
18.020926,23.262926
18.020926,23.262926
18.020926,23.262924
18.020926,23.262924
18.020926,23.262924
18.020926,23.262924
18.020926,23.262924
18.020926,23.262924
18.020926,23.262924
18.020926,23.262922
18.020926,23.262922
18.020926,23.262922
18.020926,23.262922
18.020926,23.262922
18.020926,23.262922
18.020926,23.262922
18.020926,23.262922
18.020926,23.262922
18.020926,23.262922
18.020926,23.26292
18.020926,23.26292
18.020926,23.26292
18.020926,23.26292
18.020926,23.26292
18.020926,23.26292
18.020926,23.26292
18.020926,23.26292
18.020926,23.26292
18.020926,23.26292
18.020926,23.26292
18.020926,23.26292
18.020926,23.26292
18.020926,23.26292
18.020926,23.26292
18.020926,23.26292
18.020926,23.26292
18.020926,23.26292
18.020926,23.26292
18.020926,23.26292
18.020926,23.26292
18.020926,23.26292
18.020926,23.262918
18.020926,23.262918
18.020926,23.262918
18.020926,23.262918
18.020926,23.262918
18.020926,23.262918
18.020926,23.262918
18.020926,23.262918
18.020926,23.262918
18.020926,23.262918
18.020926,23.262918
18.020926,23.262918
18.020926,23.262918
18.020926,23.262918
18.020926,23.262918
18.020926,23.262918
18.020926,23.262918
18.020926,23.262918
18.020926,23.262918
18.020926,23.262918
18.020926,23.262918
18.020926,23.262918
18.020926,23.262918
18.020926,23.262918
18.020926,23.262918
18.020926,23.262918
18.020926,23.262918
18.020926,23.262918
18.020926,23.262918
18.020926,23.262918
18.020926,23.262918
18.020926,23.262918
18.020926,23.262918
18.020926,23.262918
18.020926,23.262918
18.020926,23.262918
18.020926,23.262918
18.020926,23.262918
18.020926,23.262918
18.020926,23.262918
18.020926,23.262918
18.020926,23.262918
18.020926,23.262918
18.020926,23.262918
18.020926,23.262918
18.020926,23.262918
18.020926,23.262918
18.020926,23.262918
18.020926,23.262918
18.020926,23.262918
18.020926,23.262918
18.020926,23.262918
18.020926,23.262918
18.020926,23.262918
18.020926,23.262918
18.020926,23.262918
18.020926,23.262918
18.020926,23.262918
18.020926,23.262918
18.020926,23.262918
18.020926,23.262918
18.020926,23.262918
18.020926,23.262918
18.020926,23.262918
18.020926,23.262918
18.020926,23.262918
18.020926,23.262918
18.020926,23.262918
18.020926,23.262918
18.020926,23.262918
18.020926,23.262918
18.020926,23.262918
18.020926,23.262918
18.020926,23.262918
18.020926,23.262918
18.020926,23.262918
18.020926,23.262918
18.020926,23.262918
18.020926,23.262918
18.020926,23.262918
18.020926,23.262918
18.020926,23.262918
18.020926,23.262918
18.020926,23.262918
18.020926,23.262918
18.020926,23.262918
18.020926,23.262918
18.020926,23.262918
18.020926,23.262918
18.020926,23.262918
18.020926,23.262918
18.020926,23.262918
18.020926,23.262918
18.020926,23.262918
18.020926,23.262918
18.020926,23.262918
18.020926,23.262918
18.020926,23.262918
18.020926,23.262918
18.020926,23.262918
18.020926,23.262918
18.020926,23.262918
18.020926,23.262918
18.020926,23.262918
18.020926,23.262918
18.020926,23.262918
18.020926,23.262918
18.020926,23.262918
18.020926,23.262918
18.020926,23.262918
18.020926,23.262918
18.020926,23.262918
18.020926,23.262918
18.020926,23.262918
18.020926,23.262918
18.020926,23.262918
18.020926,23.262918
18.020926,23.262918
18.020926,23.262918
18.020926,23.262918
18.020926,23.262918
18.020926,23.262918
18.020926,23.262918
18.020926,23.262918
18.020926,23.262918
18.020926,23.262918
18.020926,23.262918
18.020926,23.262918
18.020926,23.262918
18.020926,23.262918
18.020926,23.262918
18.020926,23.262918
18.020926,23.262918
18.020926,23.262918
18.020926,23.262918
18.020926,23.262918
18.020926,23.262918
18.020926,23.262918
18.020926,23.262918
18.020926,23.262918
18.020926,23.262918
18.020926,23.262918
18.020926,23.262918
18.020926,23.262918
18.020926,23.262918
18.020926,23.262918
18.020926,23.262918
18.020926,23.262918
18.020926,23.262918
18.020926,23.262918
18.020926,23.262918
18.020926,23.262918
18.020926,23.262918
18.020926,23.262918
18.020926,23.262918
18.020926,23.262918
18.020926,23.262918
18.020926,23.262918
18.020926,23.262918
18.020926,23.262918
18.020926,23.262918
18.020926,23.262918
18.020926,23.262918
18.020926,23.262918
18.020926,23.262918
18.020926,23.262918
18.020926,23.262918
18.020926,23.262918
18.020926,23.262918
18.020926,23.262918
18.020926,23.262918
18.020926,23.262918
18.020926,23.262918
18.020926,23.262918
18.020926,23.262918
18.020926,23.262918
18.020926,23.262918
18.020926,23.262918
18.020926,23.262918
18.020926,23.262918
18.020926,23.262918
18.020926,23.262918
18.020926,23.262918
18.020926,23.262918
18.020926,23.262918
18.020926,23.262918
18.020926,23.262918
18.020926,23.262918
18.020926,23.262918
18.020926,23.262918
18.020926,23.262918
18.020926,23.262918
18.020926,23.262918
18.020926,23.262918
18.020926,23.262918
18.020926,23.262918
18.020926,23.262918
18.020926,23.262918
18.020926,23.262918
18.020926,23.262918
18.020926,23.262918
18.020926,23.262918
18.020926,23.262918
18.020926,23.262918
18.020926,23.262918
18.020926,23.262918
18.020926,23.262918
18.020926,23.262918
18.020926,23.262918
18.020926,23.262918
18.020926,23.262918
18.020926,23.262918
18.020926,23.262918
18.020926,23.262918
18.020926,23.262918
18.020926,23.262918
18.020926,23.262918
18.020926,23.262918
18.020926,23.262918
18.020926,23.262918
18.020926,23.262918
18.020926,23.262918
18.020926,23.262918
18.020926,23.262918
18.020926,23.262918
18.020926,23.262918
18.020926,23.262918
18.020926,23.262918
18.020926,23.262918
18.020926,23.262918
18.020926,23.262918
18.020926,23.262918
18.020926,23.262918
18.020926,23.262918
18.020926,23.262918
18.020926,23.262918
18.020926,23.262918
18.020926,23.262918
18.020926,23.262918
18.020926,23.262918
18.020926,23.262918
18.020926,23.262918
18.020926,23.262918
18.020926,23.262918
18.020926,23.262918
18.020926,23.262918
18.020926,23.262918
18.020926,23.262918
18.020926,23.262918
18.020926,23.262918
18.020926,23.262918
18.020926,23.262918
18.020926,23.262918
18.020926,23.262918
18.020926,23.262918
18.020926,23.262918
18.020926,23.262918
18.020926,23.262918
18.020926,23.262918
18.020926,23.262918
18.020926,23.262918
18.020926,23.262918
18.020926,23.262918
18.020926,23.262918
18.020926,23.262918
18.020926,23.262918
18.020926,23.262918
18.020926,23.262918
18.020926,23.262918
18.020926,23.262918
18.020926,23.262918
18.020926,23.262918
18.020926,23.262918
18.020926,23.262918
18.020926,23.262918
18.020926,23.262918
18.020926,23.262918
18.020926,23.262918
18.020926,23.262918
18.020926,23.262918
18.020926,23.262918
18.020926,23.262918
18.020926,23.262918
18.020926,23.262918
18.020926,23.262918
18.020926,23.262918
18.020926,23.262918
18.020926,23.262918
18.020926,23.262918
18.020926,23.262918
18.020926,23.262918
18.020926,23.262918
18.020926,23.262918
18.020926,23.262918
18.020926,23.262918
18.020926,23.262918
18.020926,23.262918
18.020926,23.262918
18.020926,23.262918
18.020926,23.262918
18.020926,23.262918
18.020926,23.262918
18.020926,23.262918
18.020926,23.262918
18.020926,23.262918
18.020926,23.262918
18.020926,23.262918
18.020926,23.262918
18.020926,23.262918
18.020926,23.262918
18.020926,23.262918
18.020926,23.262918
18.020926,23.262918
18.020926,23.262918
18.020926,23.262918
18.020926,23.262918
18.020926,23.262918
18.020926,23.262918
18.020926,23.262918
18.020926,23.262918
18.020926,23.262918
18.020926,23.262918
18.020926,23.262918
18.020926,23.262918
18.020926,23.262918
18.020926,23.262918
18.020926,23.262918
18.020926,23.262918
18.020926,23.262918
18.020926,23.262918
18.020926,23.262918
18.020926,23.262918
18.020926,23.262918
18.020926,23.262918
18.020926,23.262918
18.020926,23.262918
18.020926,23.262918
18.020926,23.262918
18.020926,23.262918
18.020926,23.262918
18.020926,23.262918
18.020926,23.262918
18.020926,23.262918
18.020926,23.262918
18.020926,23.262918
18.020926,23.262918
18.020926,23.262918
18.020926,23.262918
18.020926,23.262918
18.020926,23.262918
18.020926,23.262918
18.020926,23.262918
18.020926,23.262918
18.020926,23.262918
18.020926,23.262918
18.020926,23.262918
18.020926,23.262918
18.020926,23.262918
18.020926,23.262918
18.020926,23.262918
18.020926,23.262918
18.020926,23.262918
18.020926,23.262918
18.020926,23.262918
18.020926,23.262918
18.020926,23.262918
18.020926,23.262918
18.020926,23.262918
18.020926,23.262918
18.020926,23.262918
18.020926,23.262918
18.020926,23.262918
18.020926,23.262918
18.020926,23.262918
18.020926,23.262918
18.020926,23.262918
18.020926,23.262918
18.020926,23.262918
18.020926,23.262918
18.020926,23.262918
18.020926,23.262918
18.020926,23.262918
18.020926,23.262918
18.020926,23.262918
18.020926,23.262918
18.020926,23.262918
18.020926,23.262918
18.020926,23.262918
18.020926,23.262918
18.020926,23.262918
18.020926,23.262918
18.020926,23.262918
18.020926,23.262918
18.020926,23.262918
18.020926,23.262918
18.020926,23.262918
18.020926,23.262918
18.020926,23.262918
18.020926,23.262918
18.020926,23.262918
18.020926,23.262918
18.020926,23.262918
18.020926,23.262918
18.020926,23.262918
18.020926,23.262918
18.020926,23.262918
18.020926,23.262918
18.020926,23.262918
18.020926,23.262918
18.020926,23.262918
18.020926,23.262918
18.020926,23.262918
18.020926,23.262918
18.020926,23.262918
18.020926,23.262918
18.020926,23.262918
18.020926,23.262918
18.020926,23.262918
18.020926,23.262918
18.020926,23.262918
18.020926,23.262918
18.020926,23.262918
18.020926,23.262918
18.020926,23.262918
18.020926,23.262918
18.020926,23.262918
18.020926,23.262918
18.020926,23.262918
18.020926,23.262918
18.020926,23.262918
18.020926,23.262918
18.020926,23.262918
18.020926,23.262918
18.020926,23.262918
18.020926,23.262918
18.020926,23.262918
18.020926,23.262918
18.020926,23.262918
18.020926,23.262918
18.020926,23.262918
18.020926,23.262918
18.020926,23.262918
18.020926,23.262918
18.020926,23.262918
18.020926,23.262918
18.020926,23.262918
18.020926,23.262918
18.020926,23.262918
18.020926,23.262918
18.020926,23.262918
18.020926,23.262918
18.020926,23.262918
18.020926,23.262918
18.020926,23.262918
18.020926,23.262918
18.020926,23.262918
18.020926,23.262918
18.020926,23.262918
18.020926,23.262918
18.020926,23.262918
18.020926,23.262918
18.020926,23.262918
18.020926,23.262918
18.020926,23.262918
18.020926,23.262918
18.020926,23.262918
18.020926,23.262918
18.020926,23.262918
18.020926,23.262918
18.020926,23.262918
18.020926,23.262918
18.020926,23.262918
18.020926,23.262918
18.020926,23.262918
18.020926,23.262918
18.020926,23.262918
18.020926,23.262918
18.020926,23.262918
18.020926,23.262918
18.020926,23.262918
18.020926,23.262918
18.020926,23.262918
18.020926,23.262918
18.020926,23.262918
18.020926,23.262918
18.020926,23.262918
18.020926,23.262918
18.020926,23.262918
18.020926,23.262918
18.020926,23.262918
18.020926,23.262918
18.020926,23.262918
18.020926,23.262918
18.020926,23.262918
18.020926,23.262918
18.020926,23.262918
18.020926,23.262918
18.020926,23.262918
18.020926,23.262918
18.020926,23.262918
18.020926,23.262918
18.020926,23.262918
18.020926,23.262918
18.020926,23.262918
18.020926,23.262918
18.020926,23.262918
18.020926,23.262918
18.020926,23.262918
18.020926,23.262918
18.020926,23.262918
18.020926,23.262918
18.020926,23.262918
18.020926,23.262918
18.020926,23.262918
18.020926,23.262918
18.020926,23.262918
18.020926,23.262918
18.020926,23.262918
18.020926,23.262918
18.020926,23.262918
18.020926,23.262918
18.020926,23.262918
18.020926,23.262918
18.020926,23.262918
18.020926,23.262918
18.020926,23.262918
18.020926,23.262918
18.020926,23.262918
18.020926,23.262918
18.020926,23.262918
18.020926,23.262918
18.020926,23.262918
18.020926,23.262918
18.020926,23.262918
18.020926,23.262918
18.020926,23.262918
18.020926,23.262918
18.020926,23.262918
