Cell 19,Cell 25
262.08478,156.11436
251.1495,147.16574
240.69681,138.79634
230.70538,130.96869
221.15486,123.64773
212.0258,116.80063
246.84436,110.39673
236.58165,104.40734
226.77182,98.80564
217.3949,93.56653
208.43176,88.66654
199.86417,84.083725
191.67465,79.79754
183.84653,75.788795
176.36386,72.039536
169.2114,68.53295
162.37456,65.25335
155.83943,62.18604
149.5927,59.31726
143.62161,56.634182
137.91403,54.124767
132.45833,51.77779
127.243385,49.58272
122.25857,47.529743
117.49372,120.29049
112.93915,113.6607
108.58556,107.460045
104.42409,101.66074
100.44627,96.23683
96.64399,91.163994
93.0095,86.41952
89.53539,81.98215
86.2146,77.83199
83.040344,73.95048
80.00617,70.320206
77.10589,66.92492
74.333595,63.7494
71.68365,60.77943
69.150635,58.001705
66.7294,55.40377
64.41501,52.974007
62.202755,50.70151
60.088127,48.57611
58.066814,46.588287
56.1347,44.72913
54.28785,42.990314
52.522503,41.36405
50.835052,39.843052
49.22207,38.420506
62.146633,37.09004
60.03448,35.845688
58.015533,34.681885
56.085686,33.593414
54.240997,32.575397
52.477715,31.623278
50.79224,30.732786
119.86235,36.98373
131.01689,35.74626
125.865555,34.588894
120.941536,33.506443
116.23481,32.494057
111.73579,31.5472
107.4353,30.661634
103.3246,29.833385
99.395294,29.058752
95.63939,28.334257
92.049225,27.656658
88.617485,27.022919
85.337204,26.430202
82.20166,25.87585
79.204506,25.357382
76.33961,24.87247
73.60112,24.41895
70.9835,23.994781
68.48138,23.598072
66.089676,23.227041
63.80352,22.880024
61.61825,22.55547
59.529415,22.251926
57.532757,21.968027
55.62421,21.702505
53.79989,21.45417
52.056072,21.22191
50.38921,21.004683
48.7959,20.801517
47.272903,20.611504
45.817116,20.433786
44.425575,20.267574
43.095436,20.112122
41.823997,19.96673
40.60866,19.830748
91.46526,19.70357
88.0593,19.584623
84.80364,19.473375
81.69164,19.369328
78.716995,19.272017
75.873604,19.181005
73.15569,19.095882
70.557724,19.016272
123.786644,18.94181
118.95437,18.872173
114.335335,18.807041
109.920135,18.746126
105.699776,18.689154
101.66566,18.635868
97.80956,18.586031
94.123634,18.539423
90.600365,18.49583
105.29038,18.455057
101.27433,18.416925
97.4355,18.381262
93.76608,18.347906
90.25859,18.31671
86.90588,141.80408
83.701126,133.78174
80.637794,126.27869
77.70964,119.261284
74.910706,112.69811
72.235275,106.55976
75.70824,100.81874
72.99762,95.449326
70.406624,90.42747
67.92996,85.73067
65.5626,81.33788
63.299698,77.22943
61.13666,73.386925
59.069077,69.79312
57.092735,66.43195
55.203606,63.28835
53.397842,60.34822
51.67177,57.598404
50.021862,55.026585
48.444767,52.621227
46.937267,50.37157
45.496296,48.26753
44.118904,46.299675
42.802303,44.4592
41.5438,42.737854
55.65235,41.127937
53.826786,39.62222
52.08178,38.21397
50.41378,36.896866
48.81939,35.665028
47.295357,34.512917
45.838577,33.43538
44.44609,32.427593
43.115044,31.485043
41.842743,30.603498
40.626583,29.779015
39.464092,29.0079
38.3529,28.286697
37.29075,27.612177
36.275463,26.981318
35.304985,26.39129
43.27887,25.83946
64.947075,25.323347
62.711338,24.84064
60.574265,24.389177
58.531498,23.966938
56.578876,23.57203
54.712425,23.202682
52.928337,22.857244
51.22298,22.534164
49.59288,22.231998
48.034714,21.94939
46.545307,21.685074
45.121628,21.437868
43.760777,21.206663
42.459976,20.990423
41.21658,20.788181
40.028053,20.599028
38.891975,20.42212
37.80603,20.256662
36.76801,20.101915
35.775795,19.957184
34.827366,19.821821
33.920788,19.695219
33.054222,19.576815
32.225895,19.466074
31.43412,19.3625
30.677284,19.265629
29.95385,19.17503
29.262339,19.090294
28.601343,19.011044
27.969517,18.936924
27.365572,18.867601
26.788279,18.802767
26.236464,18.742126
25.708996,18.685413
25.204807,18.63237
24.722868,18.582762
24.262196,18.536364
23.821854,18.492968
23.400942,18.452381
22.998604,18.414423
22.614023,18.37892
22.246412,18.345716
21.895025,18.314661
21.559143,18.285618
21.238083,18.258451
20.93119,18.233047
20.637842,57.008335
20.357439,54.4747
20.08941,52.10507
19.833208,49.888824
19.588314,47.81603
19.354225,45.877403
19.130466,44.064262
18.916584,42.368484
18.71214,40.78247
18.516714,39.299118
18.329914,37.91178
18.15136,36.614243
17.980682,35.40069
17.817535,34.26569
17.66159,33.20416
17.512527,32.211338
17.37004,31.282785
17.233843,30.414331
17.103657,29.602093
16.979212,92.8524
16.860262,87.998634
16.746561,83.459045
16.637877,79.213295
16.533989,75.24238
16.434685,71.52848
16.339762,68.05498
16.249031,64.80632
16.162304,61.767937
16.079401,58.92622
16.000158,56.268448
15.924412,53.782715
15.852008,51.45787
15.7828,49.283516
62.33817,47.249905
60.217564,81.8011
58.19054,77.66267
56.252968,73.79211
54.400898,70.17209
52.630558,66.786385
50.938343,74.774216
49.320805,71.09063
47.774647,67.64548
46.29672,64.42332
44.884014,61.40973
43.53364,58.5912
42.242867,55.955116
41.009052,53.48966
39.829685,67.79297
38.70236,64.561264
37.624783,61.538746
36.594757,58.711872
35.61019,56.067974
34.66907,53.59521
33.769478,51.282505
32.909588,49.1195
32.087646,47.096504
31.301971,45.204453
63.199066,43.434868
61.04047,41.77983
89.93152,40.23192
86.59324,38.784203
83.402275,62.869545
80.35213,104.51559
77.43658,98.90688
74.6497,93.66122
71.985794,88.7551
69.439445,84.16654
67.00546,79.87499
64.678894,75.86124
74.9336,72.107285
72.257164,68.59633
69.698845,65.31262
67.253426,62.241474
64.9159,59.369106
62.681545,56.682667
60.545788,54.170116
58.50428,51.8202
56.55286,49.622387
54.687557,47.566837
52.904568,45.644344
51.20026,43.846287
49.571163,42.16462
48.013954,40.5918
46.525467,39.12079
45.10266,37.74499
43.74265,36.458252
42.44265,35.2548
41.200016,34.129246
40.012222,33.07654
38.87684,32.091984
37.791565,31.171154
36.75418,30.309927
35.762577,29.504446
103.99882,54.322186
100.039764,51.96243
96.25542,49.755413
92.63807,47.69125
89.18035,45.7607
85.87522,43.955112
91.17935,42.2664
87.78601,40.686993
132.8395,39.20982
127.60771,37.828262
122.60681,36.53613
117.8266,35.327637
113.25733,34.19737
108.8897,33.14026
104.71481,32.151573
100.72416,31.226887
96.909615,30.362051
93.2634,123.84913
89.77808,116.98899
104.28598,110.5729
100.314255,104.57211
96.5178,98.95975
92.88888,93.71066
89.4201,88.801346
86.104385,84.2098
82.935,109.22876
79.90547,103.31498
77.009636,111.99655
74.24159,105.90361
71.595695,100.205055
69.06656,94.87537
66.64904,89.890656
64.3382,85.2286
62.129333,80.86831
60.017944,76.79026
57.99973,72.97617
56.070576,69.408966
54.226555,66.07266
52.46391,62.952312
50.77905,60.03394
49.168537,57.304462
47.629097,54.751667
46.157593,52.36411
44.751022,50.131092
43.406525,48.042614
42.12136,46.08932
40.892906,44.262463
39.718662,42.553852
38.596237,40.95584
37.523342,39.461266
36.4978,38.06343
35.51751,36.756077
34.58048,35.533344
33.684795,34.38976
32.82864,33.320198
32.010265,32.319866
31.228008,31.384287
30.480268,30.509264
29.765526,29.690882
29.082329,28.92547
28.429276,28.209604
27.805042,27.540073
27.208357,26.913881
26.638002,26.328222
26.092815,25.78047
25.57169,25.268175
25.073559,24.78904
24.597412,24.340918
24.142275,23.921803
23.707226,23.529816
23.291374,23.163202
22.89387,22.820318
22.51391,22.499628
22.150717,22.199697
21.803553,21.91918
21.471708,21.65682
21.154505,21.411442
20.851303,21.181948
20.56148,20.967306
20.284447,20.766562
20.019638,20.578808
19.766518,20.403208
19.524565,20.238976
19.293287,20.085373
19.07222,19.941713
18.860907,19.807352
18.658918,19.681686
18.465841,19.564157
18.281286,19.454235
18.104877,19.351427
17.93625,19.255274
17.775066,19.165344
17.620996,19.081236
17.473722,19.002573
17.332949,18.929
17.19839,18.860191
17.069765,18.795835
16.94682,18.735645
16.829298,18.67935
16.716963,18.6267
16.609583,18.577457
16.506943,18.531403
16.408834,18.488329
16.315054,18.448042
16.22541,18.410364
16.139725,18.375126
16.057821,18.342167
15.97953,18.311342
15.904694,18.282513
15.83316,18.255548
15.764784,19.585682
15.699425,19.474365
15.63695,19.370255
15.577231,19.272884
15.520149,19.181814
15.465586,19.09664
15.413429,19.01698
15.363575,18.942474
15.315921,18.872793
15.27037,18.807621
15.226829,18.746668
15.185209,18.689661
15.145426,18.636343
15.107399,18.586475
15.07105,18.539837
15.036304,18.496218
15.003093,18.455421
14.971345,18.417265
14.941,18.381578
14.911994,18.348204
14.884268,18.316988
14.857764,18.287792
14.832432,18.260487
14.808216,18.23495
14.785069,18.211063
14.762944,18.188725
14.741796,18.167831
14.7215805,18.148293
14.702257,18.130016
14.683786,18.112923
14.66613,18.096937
14.649254,18.081985
14.633122,18.068
14.6177025,18.054922
14.602963,18.04269
14.588874,18.03125
14.575407,18.02055
14.562534,18.010544
14.550229,18.001184
14.538467,17.99243
14.527225,17.984243
14.516477,17.976585
14.506205,17.969425
14.496386,17.962727
14.4869995,17.956463
14.478028,17.950603
14.469452,17.945124
14.461255,17.939999
14.45342,17.935205
14.44593,17.930723
14.43877,17.92653
14.431927,17.92261
14.425385,17.918941
14.419133,17.91551
14.4131565,17.912302
14.407443,17.909302
14.401982,17.906496
14.396763,17.903872
14.391773,17.901417
14.387004,17.89912
14.382445,17.896973
14.378087,17.894966
14.373921,17.893087
14.36994,17.89133
14.366135,17.889687
14.362496,17.888151
14.359019,17.886713
14.355695,17.88537
14.352518,17.884111
14.349481,17.882936
14.346578,17.881836
14.343802,17.880808
14.34115,17.879847
14.338615,17.878946
14.336191,17.878105
14.333875,17.87732
14.33166,17.876583
14.329544,17.875895
14.32752,17.87525
14.325586,17.874647
14.323738,17.874084
14.321971,17.873558
14.320282,17.873066
14.318667,17.872604
14.317124,17.872173
14.315649,17.87177
14.3142395,17.871393
14.312891,17.871042
14.311603,17.870712
14.310371,17.870403
14.309195,17.870115
14.308069,17.869844
14.3069935,17.869593
14.305965,17.869356
14.304983,17.869137
14.304044,17.86893
14.303145,17.868736
14.302287,17.868557
14.301467,17.868387
14.300682,17.868229
14.2999325,17.868082
14.299216,17.867943
14.298532,17.867815
14.297877,17.867693
14.297251,17.86758
14.296653,17.867476
14.296082,17.867376
14.295534,17.867283
14.295012,17.867197
14.294513,17.867117
14.294036,17.86704
14.293579,17.86697
14.293143,17.866903
14.2927265,17.866842
14.292328,17.866783
14.291946,17.86673
14.291583,17.86668
14.291235,17.866632
14.290902,17.866587
14.290584,17.866547
14.29028,17.866507
14.289989,17.86647
14.289712,17.866438
14.289446,17.866405
14.289192,17.866377
14.28895,17.866348
14.288718,17.866322
14.288497,17.866299
14.288284,17.866276
14.288082,17.866255
14.287889,17.866234
14.2877035,17.866217
14.287527,17.866198
14.287357,17.866182
14.287196,17.866167
14.287042,17.866154
14.286894,17.86614
14.286753,17.866127
14.286618,17.866116
14.2864895,17.866104
14.2863655,17.866095
14.286248,17.866085
14.286136,17.866076
14.286028,17.866068
14.285925,17.86606
14.285827,17.866053
14.285732,17.866047
14.285643,17.86604
14.285557,17.866034
14.285475,17.866028
14.285397,17.866022
14.285321,17.866018
14.28525,17.866013
14.285181,17.866009
14.285115,17.866005
14.285053,17.866001
14.284993,17.865997
14.284936,17.865995
14.284881,17.865992
14.284829,17.86599
14.284779,17.865986
14.284731,17.865984
14.284685,17.865982
14.284641,17.86598
14.2846,17.865976
14.28456,17.865974
14.284522,17.865974
14.284486,17.865973
14.284451,17.86597
14.284417,17.865969
14.284386,17.865967
14.284355,17.865967
14.284326,17.865965
14.284298,17.865963
14.284271,17.865963
14.284246,17.865961
14.284222,17.865961
14.284199,17.86596
14.284177,17.86596
14.284156,40.558643
14.284135,39.08978
14.284116,37.715992
14.284098,36.431126
14.28408,35.229427
14.284062,34.10552
14.284046,33.05435
14.284031,32.071228
14.284017,31.151743
14.284002,30.291773
14.283989,29.487467
14.283976,28.735224
14.283963,28.031672
14.283952,27.37366
14.28394,26.758238
14.28393,26.182653
14.283919,25.644323
14.28391,25.14084
14.2839,24.669947
14.283891,24.229534
14.283882,23.817629
14.2838745,23.432384
14.283866,23.072077
14.283859,22.735092
14.283852,22.41992
14.283845,22.125147
14.283838,21.849455
14.283832,21.591608
14.283826,21.350452
14.28382,21.124905
14.283814,20.913958
14.28381,20.716665
14.283805,20.53214
14.2838,20.359564
14.283795,20.198154
14.283791,20.047194
14.283787,19.906006
14.283783,19.773954
14.283779,19.650454
14.283775,19.534945
14.2837715,19.426912
14.283769,19.325874
14.283765,19.231375
14.283762,19.142992
14.283759,19.060331
14.283756,18.98302
14.283753,18.910713
14.2837515,18.843088
14.283749,18.779839
14.283747,18.720684
14.283744,18.665358
14.283742,18.613613
14.28374,18.565218
14.283738,18.519955
14.283736,18.477623
14.283734,18.43803
14.283732,18.401
14.283731,18.366367
14.28373,18.333975
14.283729,18.30368
14.283727,18.275347
14.283726,18.248846
14.283724,18.224062
14.283723,18.200882
14.283722,18.179203
14.283721,18.158926
14.283719,18.139961
14.283718,18.122225
14.283717,18.105637
14.283716,18.090122
14.283715,18.075611
14.283715,18.06204
14.283714,18.049347
14.283713,18.037476
14.283712,18.026373
14.283711,18.01599
14.283711,18.006277
14.2837105,17.997194
14.28371,17.988699
14.28371,17.980753
14.283709,17.973322
14.283708,17.966372
14.283708,17.959871
14.283707,17.953793
14.283707,17.948107
14.283706,17.942787
14.283706,17.937815
14.283705,17.933163
14.283705,17.928812
14.283705,17.924742
14.283704,17.920937
14.283704,17.917377
14.283704,17.91405
14.283703,17.910934
14.283703,17.908024
14.283703,17.9053
14.283702,17.902752
14.283702,17.90037
14.283702,17.898142
14.283702,17.896057
14.283701,17.89411
14.283701,17.892286
14.283701,17.890581
14.283701,17.888987
14.2837,17.887495
14.2837,17.8861
14.2837,17.884796
14.2837,17.883575
14.2837,17.882435
14.2837,17.881369
14.283699,17.88037
14.283699,17.879436
14.283699,17.878563
14.283699,17.877747
14.283699,17.876984
14.283699,17.876268
14.283699,17.8756
14.283698,17.874975
14.283698,17.874392
14.283698,17.873844
14.283698,17.873333
14.283698,17.872856
14.283698,17.872408
14.283698,17.87199
14.283698,17.8716
14.283698,17.871233
14.283698,17.870892
14.283698,17.870571
14.283697,17.870272
14.283697,17.869991
14.283697,17.86973
14.283697,17.869486
14.283697,17.869257
14.283697,17.869041
14.283697,17.868841
14.283697,17.868654
14.283697,17.868479
14.283697,17.868315
14.283697,17.868162
14.283697,17.86802
14.283697,17.867886
14.283697,17.86776
14.283697,17.867641
14.283697,17.867533
14.283697,17.86743
14.283697,17.867334
14.283697,17.867245
14.283697,17.86716
14.283697,17.867083
14.283697,17.867008
14.283697,17.86694
14.283697,17.866875
14.283697,17.866816
14.283696,17.86676
14.283696,17.866707
14.283696,17.866657
14.283696,17.866611
14.283696,17.86657
14.283696,17.86653
14.283696,17.866491
14.283696,17.866455
14.283696,17.866423
14.283696,17.866392
14.283696,17.866364
14.283696,17.866337
14.283696,17.866312
14.283696,17.866287
14.283696,17.866266
14.283696,17.866245
14.283696,17.866226
14.283696,17.866207
14.283696,17.866192
14.283696,17.866175
14.283696,17.866161
14.283696,17.866146
14.283696,17.866135
14.283696,17.866121
14.283696,17.86611
14.283696,17.8661
14.283696,17.86609
14.283696,17.866081
14.283696,17.866072
14.283696,17.866064
14.283696,17.866056
14.283696,17.866049
14.283696,17.866043
14.283696,17.866037
14.283696,17.866032
14.283696,17.866026
14.283696,17.86602
14.283696,17.866016
14.283696,17.86601
14.283696,17.866007
14.283696,17.866003
14.283696,17.866
14.283696,17.865997
14.283696,17.865993
14.283696,17.86599
14.283696,17.865988
14.283696,17.865986
14.283696,17.865982
14.283696,17.86598
14.283696,17.865978
14.283696,17.865976
14.283696,17.865974
14.283696,17.865973
14.283696,17.86597
14.283696,17.865969
14.283696,17.865969
14.283696,17.865967
14.283696,17.865965
14.283696,17.865965
14.283696,17.865963
14.283696,17.865963
14.283696,17.865961
14.283696,17.865961
14.283696,17.86596
14.283696,17.86596
14.283696,17.865957
14.283696,17.865957
14.283696,17.865957
14.283696,17.865955
14.283696,17.865955
14.283696,17.865955
14.283696,17.865955
14.283696,17.865953
14.283696,17.865953
14.283696,17.865953
14.283696,17.865953
14.283696,17.865953
14.283696,17.865952
14.283696,17.865952
14.283696,17.865952
14.283696,17.865952
14.283696,17.865952
14.283696,17.865952
14.283696,17.865952
14.283696,17.865952
14.283696,17.86595
14.283696,17.86595
14.283696,17.86595
14.283696,17.86595
14.283696,17.86595
14.283696,17.86595
14.283696,17.86595
14.283696,17.86595
14.283696,17.86595
14.283696,17.86595
14.283696,17.86595
14.283696,17.86595
14.283696,17.86595
14.283696,17.86595
14.283696,17.86595
14.283696,17.86595
14.283696,17.865948
14.283696,17.865948
14.283696,17.865948
14.283696,17.865948
14.283696,17.865948
14.283696,17.865948
14.283696,17.865948
14.283696,17.865948
14.283696,17.865948
14.283696,17.865948
14.283696,17.865948
14.283696,17.865948
14.283696,17.865948
14.283696,17.865948
14.283696,17.865948
14.283696,17.865948
14.283696,17.865948
14.283696,17.865948
14.283696,17.865948
14.283696,17.865948
14.283696,17.865948
14.283696,17.865948
14.283696,17.865948
14.283696,17.865948
14.283696,17.865948
14.283696,17.865948
14.283696,17.865948
14.283696,17.865948
14.283696,17.865948
14.283696,17.865948
14.283696,17.865948
14.283696,17.865948
14.283696,17.865948
14.283696,17.865948
14.283696,17.865948
14.283696,17.865948
14.283696,17.865948
14.283696,17.865948
14.283696,17.865948
14.283696,17.865948
14.283696,17.865948
14.283696,17.865948
14.283696,17.865948
14.283696,17.865948
14.283696,17.865948
14.283696,17.865948
14.283696,17.865948
14.283696,17.865948
14.283696,17.865948
14.283696,17.865948
14.283696,17.865948
14.283696,17.865948
14.283696,17.865948
14.283696,17.865948
14.283696,17.865948
14.283696,17.865948
14.283696,17.865948
14.283696,17.865948
14.283696,17.865948
14.283696,17.865948
14.283696,17.865948
14.283696,17.865948
14.283696,17.865948
14.283696,17.865948
14.283696,17.865948
14.283696,17.865948
14.283696,17.865948
14.283696,17.865948
14.283696,17.865948
14.283696,17.865948
14.283696,17.865948
14.283696,17.865948
14.283696,17.865948
14.283696,17.865948
14.283696,17.865948
14.283696,17.865948
14.283696,17.865948
14.283696,17.865948
14.283696,17.865948
14.283696,17.865948
14.283696,17.865948
14.283696,17.865948
14.283696,17.865948
14.283696,17.865948
14.283696,17.865948
14.283696,17.865948
14.283696,17.865948
14.283696,17.865948
14.283696,17.865948
14.283696,17.865948
14.283696,17.865948
14.283696,17.865948
14.283696,17.865948
14.283696,17.865948
14.283696,17.865948
14.283696,17.865948
14.283696,17.865948
14.283696,17.865948
14.283696,17.865948
14.283696,17.865948
14.283696,17.865948
14.283696,17.865948
14.283696,17.865948
14.283696,17.865948
14.283696,17.865948
14.283696,17.865948
14.283696,17.865948
14.283696,17.865948
14.283696,17.865948
14.283696,17.865948
14.283696,17.865948
14.283696,17.865948
14.283696,17.865948
14.283696,17.865948
14.283696,17.865948
14.283696,17.865948
14.283696,17.865948
14.283696,17.865948
14.283696,17.865948
14.283696,17.865948
14.283696,17.865948
14.283696,17.865948
14.283696,51.26296
14.283696,49.101215
14.283696,47.079403
14.283696,45.188457
14.283696,43.41991
14.283696,41.765835
14.283696,40.21883
14.283696,38.77196
14.283696,37.418743
14.283696,36.15312
14.283696,34.969418
14.283696,33.862335
14.283696,32.826912
14.283696,31.858511
14.283696,30.952791
14.283696,30.1057
14.283696,29.313438
14.283696,28.572458
14.283696,27.879442
14.283696,27.231283
14.283696,26.625078
14.283696,26.058111
14.283696,25.527845
14.283696,25.031902
14.283696,24.56806
14.283696,24.134241
14.283696,23.728504
14.283696,23.34903
14.283696,22.994118
14.283696,22.662178
14.283696,22.351725
14.283696,22.061367
14.283696,21.789804
14.283696,21.535818
14.283696,21.298273
14.283696,21.076103
14.283696,20.868315
14.283696,20.673975
14.283696,20.492216
14.283696,20.322222
14.283696,20.16323
14.283696,20.01453
14.283696,19.875456
14.283696,19.745384
14.283696,19.62373
14.283696,19.50995
14.283696,19.403538
14.283696,19.304012
14.283696,19.210928
14.283696,19.123869
14.283696,19.042446
14.283696,18.966293
72.570206,18.89507
69.99807,18.828455
67.53944,18.766153
65.18931,18.707884
62.942883,18.653387
60.795593,18.602417
58.74306,18.554747
56.781105,18.510162
54.905727,18.468462
53.11311,18.429462
51.399597,18.392988
49.761703,18.358873
48.196087,18.326967
46.699562,18.297125
45.269077,18.269217
43.90172,18.243113
42.594696,18.2187
41.345356,18.195866
40.151146,18.174511
39.009636,18.15454
37.9185,18.135859
36.875515,18.118387
35.878555,18.102047
34.925594,18.086765
34.014683,18.072472
33.14397,18.059103
32.311684,18.0466
31.51612,18.034908
30.755669,18.023972
30.028774,18.013742
29.333958,18.004175
28.6698,17.995228
28.034954,17.98686
27.428122,17.979034
26.848068,17.971714
26.293613,17.964869
25.763624,17.958466
25.257023,17.952477
24.77278,17.946877
24.309906,17.941637
23.867456,17.936737
23.444532,17.932156
23.040272,17.92787
22.65385,17.923862
22.284483,17.920113
21.931416,17.916607
21.593927,33.628613
21.271332,32.60832
20.962975,31.65407
20.668222,30.761583
20.386478,29.926867
20.117168,29.146181
19.859741,28.416029
19.613674,27.733137
19.378468,27.094446
19.153639,26.497099
18.938732,25.938417
18.733309,25.4159
18.536951,24.9272
18.349258,24.470137
18.16985,24.042656
17.998356,23.642847
17.83443,23.268917
17.67774,22.919191
17.527964,22.5921
17.384796,74.56269
17.247948,70.89279
17.117138,67.46044
16.9921,64.25026
16.87258,61.247875
16.758335,58.439823
16.649132,55.813534
16.544746,53.357243
16.444967,51.05994
16.349592,48.911343
16.258427,46.90182
16.171284,45.02237
16.087986,43.264576
16.008364,41.620556
15.932255,40.08296
15.859506,38.644882
15.789967,37.299892
15.7234955,36.04196
15.659959,65.35091
15.599225,62.27728
15.541172,59.4026
15.485681,56.713993
15.432638,54.199413
15.381936,51.8476
15.333471,49.648014
15.287146,47.59081
15.242865,45.66676
15.200537,43.867252
15.160078,42.184223
15.121404,40.610138
15.084436,39.13794
15.049101,37.761036
15.015324,36.473255
14.983038,35.26883
14.952176,34.14237
14.922677,33.088818
14.894479,32.103462
14.867526,31.18189
14.841762,30.31997
14.817135,29.513838
14.793594,28.759888
14.771093,28.054739
14.749585,27.395233
14.729026,26.778418
14.709373,26.201525
14.690589,25.661976
14.672633,25.15735
14.65547,24.685389
14.639063,24.243975
14.623382,23.831135
14.608391,23.445017
14.594063,23.083893
14.580366,22.746141
14.567275,22.430254
14.554761,22.134813
14.542799,21.858496
14.531364,21.600063
14.520435,21.35836
14.509988,21.132301
14.500002,20.920876
14.490457,20.723133
14.481333,20.538193
14.472611,20.365221
14.464274,20.203447
14.4563055,20.052145
14.4486885,19.910635
14.441407,19.778286
14.434448,19.654503
14.427795,19.538733
14.421436,19.430454
14.415358,19.329187
14.409548,19.234474
14.403994,19.145891
14.398685,19.063042
14.393611,18.985556
14.388761,18.913084
14.384124,18.845304
14.379692,18.781914
14.375456,18.722624
14.371407,18.667173
14.367537,18.61531
14.363836,18.566805
14.3603,18.52144
14.356919,18.47901
14.353688,18.439327
14.350599,18.402214
14.347647,18.367502
14.344825,18.335037
14.342128,18.304674
14.339549,18.276276
14.337084,18.249716
14.334728,18.224874
14.332477,18.201643
14.330323,18.179913
14.328266,18.15959
14.326299,18.140583
14.324419,18.122807
14.322622,18.10618
14.320904,18.090631
14.3192625,18.076088
14.317693,18.062485
14.316193,18.049763
14.314758,18.037865
14.313388,18.026737
14.3120775,18.01633
14.310825,18.006596
14.309628,17.997492
14.308483,17.988977
14.307389,17.981014
14.306344,17.973566
14.305345,17.9666
14.304389,17.960085
14.303476,17.95399
14.302604,17.948292
14.301769,17.942963
14.300971,17.937977
14.300209,17.933315
14.29948,17.928955
14.298784,17.924875
14.298118,17.921062
14.297482,17.917494
14.296873,17.914158
14.296291,17.911037
14.295736,17.90812
14.295204,17.90539
14.294697,17.902836
14.294211,17.900448
14.293747,17.898214
14.2933035,17.896126
14.29288,17.894173
14.292475,17.892345
14.292088,17.890636
14.291717,17.88904
14.291363,17.887545
14.291024,17.886147
14.290701,17.88484
14.290392,17.883615
14.290096,17.882473
14.289814,17.881403
14.289544,17.880404
14.289286,17.879467
14.28904,17.878592
14.288804,17.877773
14.288578,17.877008
14.2883625,17.876291
14.2881565,17.875622
14.28796,17.874996
14.287772,17.87441
14.287592,17.873863
14.28742,17.87335
14.287255,17.872871
14.287099,17.872423
14.286948,17.872004
14.286805,17.871613
14.286668,17.871244
14.286536,17.870903
14.286411,17.870583
14.286291,17.870281
14.286177,17.87
14.286067,17.86974
14.285963,17.869493
14.285863,17.869265
14.285768,17.86905
14.285676,17.868849
14.285588,17.86866
14.285505,17.868484
14.285425,17.86832
14.285349,17.868168
14.285275,17.868023
14.285206,17.86789
14.285139,17.867764
14.285076,17.867645
14.285015,17.867537
14.284957,17.867434
14.284902,17.867336
14.284848,17.867247
14.284797,17.867163
14.284749,17.867085
14.284702,17.86701
14.2846575,17.866941
14.2846155,17.866879
14.2845745,17.866817
14.284536,17.86676
14.284499,17.866709
14.284464,17.86666
14.28443,17.866613
14.284397,17.86657
14.284367,17.86653
14.284337,17.866491
14.284308,17.866457
14.284282,17.866425
14.284256,17.866394
14.284231,17.866364
14.284207,17.866337
14.284184,17.866312
14.284163,17.86629
14.2841425,17.866266
14.284122,17.866245
14.284104,17.866226
14.284086,17.866209
14.284069,17.866192
14.284053,17.866177
14.284037,17.866161
14.284021,17.866148
14.284007,17.866135
14.283994,17.866123
14.28398,17.866112
14.283968,17.8661
14.283956,17.86609
14.283944,17.866081
14.283934,17.866072
14.283923,17.866064
14.283913,17.866056
14.283903,17.86605
14.283895,17.866043
14.283886,17.866037
14.283877,17.866032
14.283869,17.866026
14.283861,17.86602
14.2838545,17.866016
14.283847,17.866013
14.28384,17.866007
14.283834,17.866003
14.283828,17.866
14.283822,17.865997
14.283816,17.865993
14.283812,17.86599
14.283807,17.865988
14.283801,17.865986
14.283797,17.865982
14.2837925,17.86598
14.283788,17.865978
14.283784,17.865976
14.28378,17.865974
14.283776,17.865973
14.283773,17.86597
14.28377,17.865969
14.283767,17.865969
14.283763,17.865967
14.28376,17.865965
14.283757,17.865965
14.283754,17.865963
14.283752,17.865963
14.28375,17.865961
14.283748,17.865961
14.283745,17.86596
14.283743,17.86596
14.283741,17.86596
14.283739,17.865957
14.283737,17.865957
14.283735,17.865957
14.283733,17.865955
14.283731,17.865955
14.2837305,17.865955
14.283729,17.865953
14.283728,17.865953
14.283726,17.865953
14.283725,17.865953
14.283724,17.865953
14.283722,17.865952
14.283721,17.865952
14.28372,17.865952
14.283719,17.865952
14.283718,17.865952
14.283717,17.865952
14.283716,17.865952
14.283715,17.865952
14.283714,17.86595
14.283713,17.86595
14.283712,17.86595
14.283712,17.86595
14.283711,17.86595
14.2837105,17.86595
14.28371,17.86595
14.28371,17.86595
14.283709,17.86595
14.283709,17.86595
14.283708,17.86595
14.283708,17.86595
14.283707,17.86595
14.283707,17.86595
14.283706,17.86595
14.283706,17.86595
14.283705,17.865948
14.283705,17.865948
14.283704,17.865948
14.283704,17.865948
14.283704,17.865948
14.283703,17.865948
14.283703,17.865948
14.283703,17.865948
14.283702,17.865948
14.283702,17.865948
14.283702,17.865948
14.283702,17.865948
14.283701,17.865948
14.283701,17.865948
14.283701,17.865948
14.283701,17.865948
14.2837,17.865948
14.2837,17.865948
14.2837,17.865948
14.2837,17.865948
14.2837,17.865948
14.2837,17.865948
14.283699,17.865948
14.283699,17.865948
14.283699,17.865948
14.283699,17.865948
14.283699,17.865948
14.283699,17.865948
14.283699,17.865948
14.283698,17.865948
14.283698,17.865948
14.283698,17.865948
14.283698,17.865948
14.283698,17.865948
14.283698,17.865948
14.283698,17.865948
14.283698,17.865948
14.283698,17.865948
14.283698,17.865948
14.283698,17.865948
14.283698,17.865948
14.283697,17.865948
14.283697,17.865948
14.283697,17.865948
14.283697,17.865948
14.283697,17.865948
14.283697,17.865948
14.283697,17.865948
14.283697,17.865948
14.283697,17.865948
14.283697,17.865948
14.283697,17.865948
14.283697,17.865948
14.283697,17.865948
14.283697,17.865948
14.283697,17.865948
14.283697,17.865948
14.283697,17.865948
14.283697,17.865948
14.283697,17.865948
14.283697,17.865948
14.283697,17.865948
14.283697,17.865948
14.283697,17.865948
14.283697,17.865948
14.283696,17.865948
14.283696,17.865948
14.283696,17.865948
14.283696,17.865948
14.283696,17.865948
14.283696,17.865948
14.283696,17.865948
14.283696,17.865948
14.283696,17.865948
14.283696,17.865948
14.283696,17.865948
14.283696,17.865948
14.283696,17.865948
14.283696,17.865948
14.283696,17.865948
14.283696,17.865948
14.283696,17.865948
14.283696,17.865948
14.283696,17.865948
14.283696,17.865948
14.283696,17.865948
14.283696,17.865948
14.283696,17.865948
14.283696,17.865948
14.283696,17.865948
14.283696,17.865948
14.283696,17.865948
14.283696,17.865948
14.283696,17.865948
14.283696,17.865948
14.283696,17.865948
14.283696,17.865948
14.283696,17.865948
14.283696,17.865948
14.283696,17.865948
14.283696,17.865948
14.283696,17.865948
14.283696,17.865948
14.283696,17.865948
14.283696,17.865948
14.283696,17.865948
14.283696,17.865948
14.283696,17.865948
14.283696,17.865948
14.283696,17.865948
14.283696,17.865948
14.283696,17.865948
14.283696,17.865948
14.283696,17.865948
14.283696,17.865948
14.283696,17.865948
14.283696,17.865948
14.283696,17.865948
14.283696,17.865948
14.283696,17.865948
14.283696,17.865948
14.283696,17.865948
14.283696,17.865948
14.283696,17.865948
14.283696,17.865948
14.283696,17.865948
14.283696,17.865948
14.283696,17.865948
14.283696,17.865948
14.283696,17.865948
14.283696,17.865948
14.283696,17.865948
14.283696,17.865948
14.283696,17.865948
14.283696,17.865948
14.283696,17.865948
14.283696,17.865948
14.283696,17.865948
14.283696,17.865948
14.283696,17.865948
14.283696,17.865948
14.283696,17.865948
14.283696,17.865948
14.283696,17.865948
14.283696,17.865948
14.283696,17.865948
14.283696,17.865948
14.283696,17.865948
14.283696,17.865948
14.283696,17.865948
14.283696,17.865948
14.283696,17.865948
14.283696,17.865948
14.283696,17.865948
14.283696,17.865948
14.283696,17.865948
14.283696,17.865948
14.283696,17.865948
14.283696,17.865948
14.283696,17.865948
14.283696,17.865948
14.283696,17.865948
14.283696,17.865948
14.283696,17.865948
14.283696,17.865948
14.283696,17.865948
14.283696,17.865948
14.283696,17.865948
14.283696,17.865948
14.283696,17.865948
14.283696,17.865948
14.283696,17.865948
14.283696,17.865948
14.283696,17.865948
14.283696,17.865948
14.283696,17.865948
14.283696,17.865948
14.283696,17.865948
14.283696,17.865948
14.283696,17.865948
14.283696,17.865948
14.283696,17.865948
14.283696,17.865948
14.283696,17.865948
14.283696,17.865948
14.283696,17.865948
14.283696,17.865948
14.283696,17.865948
14.283696,17.865948
14.283696,17.865948
14.283696,17.865948
14.283696,17.865948
14.283696,17.865948
14.283696,17.865948
14.283696,17.865948
14.283696,17.865948
14.283696,17.865948
14.283696,17.865948
14.283696,17.865948
14.283696,17.865948
14.283696,17.865948
14.283696,17.865948
14.283696,17.865948
14.283696,17.865948
14.283696,17.865948
14.283696,17.865948
14.283696,17.865948
14.283696,17.865948
14.283696,17.865948
14.283696,17.865948
14.283696,17.865948
14.283696,17.865948
14.283696,17.865948
14.283696,17.865948
14.283696,17.865948
14.283696,17.865948
14.283696,17.865948
14.283696,17.865948
14.283696,17.865948
14.283696,17.865948
14.283696,17.865948
14.283696,17.865948
14.283696,17.865948
14.283696,17.865948
14.283696,17.865948
14.283696,17.865948
14.283696,17.865948
14.283696,17.865948
14.283696,17.865948
14.283696,17.865948
14.283696,17.865948
14.283696,17.865948
14.283696,17.865948
14.283696,17.865948
14.283696,17.865948
14.283696,17.865948
14.283696,17.865948
14.283696,17.865948
14.283696,17.865948
14.283696,17.865948
14.283696,17.865948
14.283696,17.865948
14.283696,17.865948
14.283696,17.865948
14.283696,17.865948
14.283696,17.865948
14.283696,17.865948
14.283696,17.865948
14.283696,17.865948
14.283696,17.865948
14.283696,17.865948
14.283696,17.865948
14.283696,17.865948
14.283696,17.865948
14.283696,17.865948
14.283696,17.865948
14.283696,17.865948
14.283696,17.865948
49.436897,17.865948
47.885616,17.865948
46.40279,17.865948
44.9854,17.865948
43.63056,17.865948
42.335506,17.865948
41.097603,17.865948
39.91433,17.865948
39.146214,17.865948
38.049053,17.865948
37.000305,17.865948
35.99784,17.865948
35.03961,17.865948
34.123672,17.865948
33.24815,17.865948
32.411263,17.865948
31.61131,17.865948
30.846653,17.865948
30.115744,17.865948
29.417088,17.865948
28.749264,17.865948
28.11091,17.865948
27.500727,17.865948
26.917469,17.865948
26.359951,17.865948
25.827038,17.865948
25.317638,17.865948
24.830719,17.865948
24.365288,17.865948
23.920395,17.865948
23.495136,17.865948
23.088642,17.865948
22.700087,17.865948
22.328678,17.865948
21.97366,17.865948
21.634308,17.865948
21.30993,17.865948
20.99987,17.865948
20.703491,17.865948
20.420189,17.865948
20.149391,17.865948
19.890543,17.865948
19.643118,17.865948
19.40661,17.865948
19.18054,17.865948
18.964447,17.865948
18.757889,17.865948
18.560446,17.865948
18.371716,17.865948
18.191315,17.865948
41.00699,17.865948
43.810047,17.865948
42.507072,17.865948
41.261597,17.865948
40.071083,17.865948
38.93311,17.865948
37.84535,17.865948
36.80559,17.865948
35.811718,17.865948
89.04445,17.865948
85.745316,17.865948
82.591774,17.865948
79.57739,17.865948
76.69603,17.865948
73.941826,17.865948
71.30916,17.865948
68.79267,17.865948
66.38724,17.865948
64.08795,17.865948
61.890125,17.865948
59.78929,17.865948
57.781166,17.865948
55.861656,17.865948
54.026855,17.865948
52.27302,17.865948
50.596584,17.865948
48.994125,17.865948
47.462383,17.865948
45.998234,17.865948
117.64543,17.865948
113.08416,17.865948
108.724174,17.865948
104.556595,17.865948
100.57292,17.865948
96.765045,17.865948
93.12521,17.865948
89.646,17.865948
86.32033,17.865948
97.28769,17.865948
93.62479,17.865948
90.12353,45.097034
86.77678,43.334408
83.57772,41.68587
80.51983,40.14404
77.59688,38.702015
74.80292,37.353325
72.132256,36.091934
69.579445,34.91219
67.13929,33.80881
64.806816,32.77685
62.577267,31.811693
60.44611,30.909006
58.409,30.064749
56.46179,29.275137
54.600502,28.536636
52.821354,27.845938
51.12072,27.199947
49.495132,26.59577
47.94128,26.030703
46.455997,25.502209
45.036263,25.007925
43.679176,24.545635
93.42923,24.113268
89.9366,23.708889
86.5981,23.330683
83.40692,22.97696
80.35657,22.646132
77.44083,22.336716
74.653755,22.04733
71.98967,21.776674
69.44315,21.523539
67.00901,21.286789
64.68229,21.065363
85.80787,20.858269
82.651566,20.664581
79.634544,20.483429
91.4081,20.314003
88.00466,20.155544
84.75141,20.007341
81.64173,19.868732
78.66927,19.739096
75.82799,19.61785
73.11209,19.504452
70.51604,19.398394
68.03455,19.2992
65.66257,19.206429
63.39526,19.119661
61.228004,19.03851
114.00357,18.96261
109.60301,18.891626
105.396645,18.825235
101.3759,18.763142
97.53259,18.705069
93.85889,18.650753
90.3473,18.599953
86.99067,18.552443
83.782166,18.508007
80.715256,18.466448
77.78368,18.427578
74.981476,18.391224
72.30293,18.357224
69.74259,18.325424
67.295235,18.295683
64.95588,18.267866
62.719757,18.241852
60.582314,18.21752
58.539192,18.194763
56.58623,18.17348
54.719456,18.153572
52.93506,18.134954
51.229404,18.117542
49.599022,18.101257
48.040585,18.086027
46.55092,18.071781
97.60843,18.058458
93.93137,18.045998
90.41659,18.034342
87.05691,18.023443
83.84548,18.013248
80.77578,18.003714
77.84154,17.994797
75.03678,17.986456
72.3558,17.978655
69.79312,17.97136
67.34354,17.964537
89.81466,17.958155
86.48154,17.952187
83.2955,17.946606
80.25007,17.941383
77.33903,17.9365
74.55644,17.931934
71.89666,17.927664
69.35425,17.923668
66.92403,17.919931
64.60105,17.916437
62.38059,17.91317
60.25811,17.910112
58.229298,17.907255
56.290012,17.904581
54.436306,17.90208
52.664402,17.89974
50.97069,17.897554
122.3195,17.895508
117.55197,17.893595
112.99483,17.891806
182.59958,17.890131
175.17194,17.888565
168.07207,17.887102
161.2855,17.885733
154.79843,17.884453
148.59763,17.883255
142.67046,17.882133
137.00485,17.881086
131.58926,17.880106
126.412674,17.87919
121.464516,17.878332
116.73471,17.877531
112.21363,17.876781
107.89206,17.87608
103.7612,17.875423
99.81263,17.874811
96.03831,17.874237
92.43054,17.873701
88.98199,17.8732
85.685616,17.87273
82.534706,17.87229
79.52284,17.87188
76.64389,17.871496
73.89198,17.871138
71.26152,17.8708
68.74713,17.870487
66.343704,17.870193
64.04634,17.869919
61.850353,17.869661
59.751274,17.869421
57.744827,17.869196
130.93321,17.868986
125.78556,17.86879
120.865074,17.868605
116.16173,17.868433
111.66593,17.868273
107.36853,17.868122
103.26077,17.867981
99.33429,17.86785
95.58108,17.867727
91.99349,17.86761
127.870514,17.867504
122.85802,17.867403
118.06672,17.86731
113.486855,17.86722
109.1091,17.867138
104.92453,17.867062
100.92462,17.86699
97.10123,17.866922
93.446556,17.86686
89.95316,17.8668
86.61393,17.866745
83.42206,17.866693
80.37104,17.866644
77.45466,17.8666
74.66698,17.866558
72.00231,17.866518
69.45523,17.866482
67.02055,17.866447
64.69332,17.866415
62.46878,17.866385
60.34241,17.866356
58.309875,17.86633
56.367035,17.866304
54.50993,17.866282
52.73478,17.86626
51.037964,17.86624
49.416027,17.86622
47.865665,17.866203
46.38372,17.866186
44.967175,17.86617
43.613136,17.866158
42.31885,17.866142
41.081684,17.86613
39.89911,28.554853
38.768723,27.862974
37.688217,27.215883
36.655396,26.610674
35.668148,26.044641
34.724472,25.515245
33.822437,25.020119
39.74184,24.55704
38.618393,24.123934
37.54452,23.718864
36.51804,23.340014
123.076744,22.985685
118.275795,22.654291
147.21507,22.344349
141.34892,22.054468
135.74164,21.783352
130.38179,21.529783
125.258484,21.29263
120.36126,21.070826
115.680145,39.33077
148.64886,37.941383
158.02562,36.64193
151.6824,35.426586
145.61911,34.289913
139.8234,33.226814
134.28343,32.232525
128.98793,31.3026
123.92613,30.432867
347.95508,233.60289
679.84717,539.71106
868.03253,1115.6428
1011.15234,1044.5853
967.1613,978.1273
925.1116,1119.0905
884.9175,1107.5675
893.8651,1037.0327
855.04987,1107.4716
817.9475,1036.9429
782.4825,1069.445
748.5825,1001.3778
750.6345,937.7165
718.13995,878.1759
687.07935,833.2776
696.01025,780.4972
724.94196,731.1332
693.5812,684.9644
663.6043,641.7841
634.9503,748.56537
607.5608,701.26825
581.37994,657.0326
680.7415,615.6603
651.3313,576.9659
623.2189,595.52203
596.34705,558.13116
570.6611,651.942
546.1086,610.8992
522.6396,588.6902
500.20624,582.0066
548.1594,545.4906
524.5999,511.33823
520.0259,489.60544
497.70786,459.0704
476.37473,430.51187
455.98303,403.80188
436.4912,378.8208
417.85953,355.45673
400.05005,333.60495
383.0265,313.1676
366.75418,294.05316
351.19995,276.17596
336.33212,259.45593
322.1204,243.81819
308.5358,229.19263
295.5507,215.51375
283.1386,202.72029
271.27426,190.75493
259.93347,179.56407
249.09314,169.09758
238.73119,159.30858
228.82649,150.1532
219.35889,141.59042
210.30908,133.58192
201.65865,126.091805
193.38994,119.0865
185.48613,112.534645
177.9311,106.406876
200.7049,100.67575
192.47827,95.31559
184.61469,90.30238
177.09811,85.61368
169.91324,82.876015
163.04543,78.66801
252.26942,74.732376
241.7673,71.05149
231.72864,67.60887
222.13297,64.389084
212.96074,61.377712
204.19328,58.56126
224.64139,77.575485
215.35847,73.71057
206.48521,70.09583
198.00351,66.715065
189.8961,134.5129
182.14647,126.96251
174.73882,119.90085
309.578,113.29628
296.5469,107.11921
284.09085,101.34197
272.18448,107.83234
260.80353,102.00894
249.9248,96.562485
239.52615,91.468575
229.58638,86.70438
220.08525,82.248566
211.00339,78.08118
202.32231,74.183525
194.02432,70.53817
186.09251,67.12878
178.51073,63.940067
171.26352,60.957752
164.33612,58.168484
157.71443,55.559757
151.38495,53.119892
145.33478,50.837955
139.5516,48.703724
134.02364,46.707638
128.73961,44.84076
123.68876,43.094715
118.8608,41.461697
114.245895,39.934376
109.83465,38.505917
105.618065,37.169926
101.587555,35.920406
97.73491,34.751766
94.05228,33.65877
90.53215,32.636524
87.167366,31.680449
83.951065,30.786255
80.8767,29.949942
77.938,29.167763
75.12899,28.436213
72.44394,27.752016
69.87737,27.112104
67.42407,26.513613
65.079025,25.953863
62.837467,25.430344
60.694828,24.94071
58.646744,24.48277
56.689037,24.054474
126.56572,23.6539
121.6108,23.279253
116.87454,22.928858
112.34729,22.601143
128.80046,22.294641
123.74693,22.007978
118.91641,21.73987
114.29906,21.489117
109.88546,21.254595
105.66663,21.035252
101.63398,20.830107
97.77928,20.638243
94.09469,20.458796
105.96005,20.290964
101.91445,20.133997
98.04738,19.987188
94.35095,19.849884
110.871414,19.721466
106.60908,19.601362
121.43071,19.48903
176.24507,19.38397
169.09784,19.285711
162.26602,19.193811
155.73569,19.10786
149.49353,19.027473
143.52682,18.95229
137.82344,18.881973
132.37173,18.816208
127.16061,18.754698
122.17944,18.69717
117.41809,18.643366
112.86685,18.593046
108.51646,18.545982
104.35804,18.501965
100.38313,18.460796
96.58363,18.422293
92.951805,18.38628
89.48025,18.3526
86.16189,18.3211
82.98996,18.29164
79.95801,18.264084
77.05985,18.238314
74.28959,18.21421
71.64158,18.191668
76.52141,18.170584
96.30932,18.150866
92.68959,18.132423
89.2296,18.115175
162.16968,18.099043
155.64359,18.083956
149.40549,18.069843
143.44267,18.056646
214.17233,18.044302
205.35141,18.032757
196.91974,18.02196
188.86015,18.011862
181.15623,18.002417
173.79228,17.993584
166.7533,17.985321
178.20439,17.977594
170.9707,17.970367
164.05623,17.96361
157.44688,17.957287
151.12921,17.951376
189.96448,17.945847
182.21182,17.940674
174.80128,17.935837
167.71777,17.931313
160.94685,17.927082
154.47473,17.923124
148.28821,17.919424
142.3747,17.915962
136.72215,17.912725
131.31905,17.909697
126.15437,17.906866
121.21761,17.904217
116.4987,17.90174
111.98804,17.899424
113.046425,17.897257
108.6881,17.89523
104.52211,17.893333
100.53996,17.891562
96.73354,17.889904
93.0951,17.888353
89.61722,17.886904
86.29281,17.885546
83.115105,17.884277
104.52994,17.883091
100.54745,17.88198
96.7407,17.880943
93.10194,17.879972
89.62375,17.879065
86.29906,17.878216
83.12108,17.877422
80.08334,17.876678
77.17966,17.875984
74.404106,17.875336
71.751045,17.874727
115.47521,17.874159
111.00971,17.873627
106.74127,17.87313
102.661194,17.872665
98.76117,17.87223
95.03325,17.871824
91.46983,17.871443
88.063675,17.871088
84.80782,17.870756
81.69565,17.870443
78.72081,17.870153
75.87725,17.86988
73.15917,17.869627
70.56105,17.869389
83.64116,17.869165
80.58047,17.868958
77.65485,17.868763
74.85833,17.86858
72.18522,17.86841
69.630066,17.86825
67.187675,17.868101
64.853065,17.867962
62.62148,17.867832
60.488373,17.86771
69.33583,17.867596
103.73144,17.867489
99.78418,17.86739
118.67858,17.867296
114.07172,17.867208
109.66815,17.867126
105.458916,17.86705
101.435425,17.86698
97.58949,17.866913
93.91328,17.86685
90.399284,17.86679
87.04037,17.866737
83.82967,17.866686
80.760666,17.866638
138.64587,17.866594
133.15788,17.866552
127.91206,17.866512
122.897736,17.866476
118.10468,17.866442
113.52315,17.86641
109.14379,17.86638
104.957695,17.866352
100.95632,17.866325
97.13153,17.8663
130.66032,17.866278
125.52472,17.866257
120.615746,17.866238
115.9234,17.866219
111.438126,17.866201
107.15078,17.866184
103.05263,17.866169
99.13533,17.866156
95.3909,17.866142
91.81171,17.866129
88.39046,17.866117
85.120186,17.866106
81.99423,17.866096
93.04306,17.866087
89.567474,17.866077
86.24526,17.86607
83.06966,17.86606
80.03419,17.866055
77.13267,17.866047
74.35919,17.866041
121.16848,17.866034
116.451744,17.86603
111.94315,17.866024
107.63352,17.866018
103.51407,17.866014
99.5764,17.86601
95.8125,17.866005
92.2147,17.866001
88.775665,17.866
85.488396,17.865995
82.34619,17.865992
79.34265,17.86599
76.47165,17.865986
137.37288,17.865984
131.94106,17.865982
126.74893,17.86598
121.785934,17.865978
117.04195,17.865976
112.50731,17.865974
108.17278,17.865973
104.02953,17.86597
100.06912,17.865969
96.28348,17.865967
92.664894,17.865967
89.20599,17.865965
85.899734,17.865965
82.73938,17.865963
79.71848,17.865961
76.830894,17.865961
85.930504,17.865961
82.76879,17.86596
79.7466,17.86596
76.85777,17.865957
74.09643,17.865957
71.45694,17.865957
68.93393,17.865955
66.522255,17.865955
76.390625,17.865955
73.649895,17.865955
202.24306,17.865953
193.94856,17.865953
186.0201,17.865953
178.44151,17.865953
171.19736,17.865953
164.27289,17.865952
157.65399,17.865952
151.32718,17.865952
145.27956,17.865952
139.49883,17.865952
133.97318,17.865952
128.69138,17.865952
123.64266,17.86595
118.81674,17.86595
114.20378,17.86595
109.79439,17.86595
105.579575,17.86595
101.55076,17.86595
97.69973,17.86595
94.01865,17.86595
90.50001,17.86595
87.13664,17.86595
83.9217,17.86595
80.84863,17.86595
77.91117,17.86595
141.63934,17.86595
136.01924,17.86595
130.64714,17.86595
125.51212,17.86595
120.6037,17.865948
115.91188,17.865948
111.42711,17.865948
107.14025,17.865948
103.042564,17.865948
99.12571,17.865948
95.3817,17.865948
91.80291,17.865948
98.10105,17.865948
94.40226,17.865948
90.86669,17.865948
87.487144,17.865948
84.25674,17.865948
81.168884,17.865948
78.21729,17.865948
111.74086,17.865948
161.74748,17.865948
155.24002,17.865948
149.01973,17.865948
143.07394,17.865948
137.39053,17.865948
131.95793,17.865948
126.76507,17.865948
154.6688,17.865948
148.47371,17.865948
142.55202,17.865948
136.89165,17.865948
200.87607,17.865948
192.64189,17.865948
184.77109,17.865948
177.24762,17.865948
170.05615,17.865948
163.18204,17.865948
156.61127,17.865948
150.33046,17.865948
144.32683,17.865948
138.58813,17.865948
133.10268,17.865948
127.8593,17.865948
122.8473,17.865948
171.47285,17.865948
164.53622,17.865948
157.9057,17.865948
151.56778,17.865948
145.50954,17.865948
139.71864,17.865948
134.1833,17.865948
128.89223,17.865948
123.834656,17.865948
119.00026,17.865948
114.3792,17.865948
109.96207,17.865948
105.73986,17.865948
172.56674,17.865948
165.58183,17.865948
158.90517,17.865948
152.52313,17.865948
159.91722,17.865948
153.49052,17.865948
147.34744,17.865948
143.34343,17.865948
137.64813,17.865948
132.20416,17.865948
132.02892,17.865948
126.832924,17.865948
121.86622,17.865948
117.11869,17.865948
112.580666,17.865948
108.2429,17.865948
104.09655,17.865948
100.13318,17.865948
96.34471,17.865948
92.72343,17.865948
121.86962,17.865948
117.12194,17.865948
112.58377,17.865948
108.245865,17.865948
104.09939,17.865948
100.135895,17.865948
96.347305,17.865948
92.72591,17.865948
155.30247,17.865948
149.07944,17.865948
143.13101,17.865948
137.44508,17.865948
132.01007,17.865948
126.81491,17.865948
187.39093,17.865948
179.75185,17.865948
172.44987,17.865948
165.47012,17.865948
158.79839,17.865948
152.42107,17.865948
146.32518,17.865948
140.4983,17.865948
134.92856,17.865948
129.6046,17.865948
151.70428,17.865948
145.64003,17.865948
139.84338,17.865948
134.30254,17.865948
129.00621,17.865948
123.943596,17.865948
119.10439,17.865948
114.47874,17.865948
215.99121,17.865948
207.09003,17.865948
198.58163,17.865948
190.44872,17.865948
182.6747,17.865948
175.24374,17.865948
168.1407,17.865948
161.35112,17.865948
154.86116,17.865948
148.6576,17.865948
142.72778,17.865948
137.05965,17.865948
131.64165,17.865948
126.46274,17.865948
121.51237,17.865948
116.78045,17.865948
112.25735,17.865948
107.933846,17.865948
103.80114,17.865948
99.85081,17.865948
127.62132,17.865948
122.61983,17.865948
223.42297,17.865948
214.19383,17.865948
205.37196,17.865948
196.93939,17.865948
188.87894,17.865948
181.1742,17.865948
173.80945,17.865948
166.7697,17.865948
160.04062,17.865948
153.60849,17.865948
157.63377,17.865948
151.30785,17.865948
145.26108,17.865948
139.48116,17.865948
133.95628,17.865948
128.67523,17.865948
123.627235,17.865948
118.801994,17.865948
114.18969,17.865948
109.78092,17.865948
105.5667,17.865948
101.53846,17.865948
97.68798,17.865948
94.007416,17.865948
90.48927,17.865948
87.12638,17.865948
83.911896,17.865948
80.83926,17.865948
77.902214,17.865948
75.09478,17.865948
72.41123,17.865948
69.846115,17.865948
67.39419,17.865948
110.03653,17.865948
105.811035,17.865948
101.77201,17.865948
97.911224,17.865948
94.22081,17.865948
90.69325,17.865948
87.32136,17.865948
84.09827,17.865948
81.0174,17.865948
78.072495,17.865948
75.257545,17.865948
72.56682,17.865948
69.994835,17.865948
67.53635,17.865948
65.18635,17.865948
62.940056,17.865948
60.79289,17.865948
58.740475,17.865948
56.778633,17.865948
54.903366,17.865948
53.11085,17.865948
51.39744,17.865948
49.759644,17.865948
48.19412,17.865948
46.697678,17.865948
45.267277,17.865948
43.899994,17.865948
42.593052,17.865948
50.33337,17.865948
48.742527,17.865948
148.18842,17.865948
142.27931,17.865948
136.63097,17.865948
131.23187,17.865948
126.07105,17.865948
121.13797,17.865948
116.42258,17.865948
111.91527,17.865948
107.606865,17.865948
132.38608,17.865948
127.17432,17.865948
122.19254,17.865948
117.43061,17.865948
112.87882,17.865948
108.5279,17.865948
104.36898,17.865948
100.39359,17.865948
96.593636,17.865948
92.961365,17.865948
89.48938,17.865948
86.170616,17.865948
82.99831,17.865948
79.96599,17.865948
80.56118,17.865948
77.636406,17.865948
74.840706,17.865948
72.16837,17.865948
69.61397,17.865948
67.17229,17.865948
64.838356,17.865948
83.03933,17.865948
80.005196,17.865948
77.10496,17.865948
74.3327,17.865948
71.68279,17.865948
88.59951,17.865948
85.320015,17.865948
82.18524,17.865948
79.188805,17.865948
76.32459,17.865948
73.58678,17.865948
70.96978,17.865948
68.46827,17.865948
66.07715,17.865948
63.791546,17.865948
61.606804,17.865948
73.98723,17.865948
108.10874,17.865948
103.968315,17.865948
100.010605,17.865948
96.22755,17.865948
96.75823,17.865948
93.1187,17.865948
89.63977,17.865948
86.31437,17.865948
83.13571,17.865948
127.80439,17.865948
122.794815,17.865948
120.050674,17.865948
115.38326,17.865948
110.92182,17.865948
106.65726,17.865948
102.58089,17.865948
98.6844,17.865948
94.95987,17.865948
91.3997,17.865948
87.99663,17.865948
84.74374,17.865948
81.63439,17.865948
78.66226,17.865948
75.82129,17.865948
73.10568,17.865948
70.50992,17.865948
68.0287,17.865948
65.656975,17.865948
63.38991,17.865948
61.222893,17.865948
59.151505,17.865948
57.171524,17.865948
55.27892,17.865948
53.469833,17.865948
51.74058,17.865948
50.08764,17.865948
48.50764,17.865948
46.997364,17.865948
45.553738,17.865948
44.173817,17.865948
42.85479,17.865948
41.59397,17.865948
40.38879,17.865948
39.236794,17.865948
38.13563,17.865948
37.083065,17.865948
36.07695,17.865948
35.11523,17.865948
34.19595,17.865948
33.317238,17.865948
32.477303,17.865948
31.674435,17.865948
30.906994,17.865948
95.03577,17.865948
91.472244,17.865948
88.06598,17.865948
84.81003,17.865948
81.69776,17.865948
78.72283,17.865948
75.87918,17.865948
73.161026,17.865948
70.56281,17.865948
68.07926,17.865948
65.70531,17.865948
71.61887,17.865948
69.088715,17.865948
111.92226,17.865948
132.49495,17.865948
127.27839,17.865948
122.29202,17.865948
117.5257,17.865948
112.96972,17.865948
108.614784,17.865948
104.45203,17.865948
100.47297,17.865948
159.08234,17.865948
165.28085,17.865948
158.61748,17.865948
152.24814,17.865948
146.15988,17.865948
140.3403,17.865948
134.77753,17.865948
171.50174,17.865948
183.31833,17.865948
175.85896,17.865948
168.72878,17.865948
161.91324,17.865948
155.39847,17.865948
149.17119,17.865948
143.21872,17.865948
150.70406,17.865948
144.68393,17.865948
138.92947,17.865948
133.42896,17.865948
128.17117,17.865948
123.14542,17.865948
118.34144,17.865948
124.52777,17.865948
119.66279,17.865948
115.0125,17.865948
110.56741,17.865948
106.31849,17.865948
102.257065,17.865948
98.37487,17.865948
94.663994,17.865948
91.116875,17.865948
87.72629,17.865948
84.48533,17.865948
81.38739,17.865948
78.426155,17.865948
75.5956,17.865948
72.88995,17.865948
70.3037,17.865948
124.527916,17.865948
119.662926,17.865948
115.01263,17.865948
134.15825,17.865948
128.86829,17.865948
123.81176,17.865948
118.97838,17.865948
114.358284,17.865948
109.94207,17.865948
105.72074,17.865948
109.63973,17.865948
105.43175,17.865948
101.409454,17.865948
97.56467,17.865948
93.88954,17.865948
90.3766,17.865948
87.018684,17.865948
83.808945,17.865948
80.74085,17.865948
77.80815,17.865948
75.00487,17.865948
78.13438,17.865948
75.316696,17.865948
72.62336,17.865948
70.048874,17.865948
67.588005,17.865948
65.235725,17.865948
62.987255,17.865948
60.838005,17.865948
58.7836,17.865948
56.819855,17.865948
54.94277,17.865948
53.148518,17.865948
51.433445,17.865948
49.794056,17.865948
48.227013,17.865948
82.4361,17.865948
79.42859,17.865948
103.959175,17.865948
100.00187,17.865948
121.66799,17.865948
116.92921,17.865948
112.39954,17.865948
108.06977,17.865948
103.93107,17.865948
99.975006,17.865948
102.1907,17.865948
98.31143,17.865948
94.603355,17.865948
91.058914,17.865948
87.67088,17.865948
84.432365,17.865948
81.33676,17.865948
78.37776,17.865948
75.54934,17.865948
72.84574,17.865948
70.261444,17.865948
67.79119,17.865948
85.82287,17.865948
82.6659,17.865948
79.64825,17.865948
76.76376,17.865948
74.00657,17.865948
74.49566,17.865948
71.838554,17.865948
69.298706,17.865948
66.87094,17.865948
64.55031,17.865948
62.33208,17.865948
60.211746,17.865948
58.18498,17.865948
56.24765,17.865948
54.395813,17.865948
52.625698,17.865948
50.933697,17.865948
71.743675,17.865948
69.20801,17.865948
66.78424,17.865948
64.46744,17.865948
62.252865,17.865948
60.136024,17.865948
58.1126,17.865948
56.178463,17.865948
54.32968,17.865948
52.562485,17.865948
50.873272,17.865948
49.258602,17.865948
47.715187,17.865948
101.124985,17.865948
97.29275,17.865948
93.62963,17.865948
90.12815,17.865948
86.781204,17.865948
83.58195,17.865948
80.52387,17.865948
77.60074,17.865948
74.80661,17.865948
72.13578,17.865948
69.58282,17.865948
67.14251,17.865948
64.8099,17.865948
62.580215,17.865948
60.448925,17.865948
58.411694,17.865948
56.46436,17.865948
54.602962,17.865948
52.823704,17.865948
51.122963,17.865948
